id,spend
1,424
2,2335
3,279
4,829
5,221
6,2305
7,18
8,5609
9,2313
10,185
11,105
12,2804
13,9506
14,40
15,96
16,400
17,885
18,454
19,80
20,2807
21,5428
22,55
23,261
24,258
25,947
26,426
27,3539
28,1911
29,591
30,140
31,711
32,2725
33,182
34,10
35,362
36,298
37,2746
38,1445
39,6635
40,2661
41,1826
42,1168
43,196
44,89
45,90
46,3359
47,10
48,382
49,87
50,853
51,5478
52,531
53,40
54,368
55,506
56,15
57,1231
58,11
59,5553
60,4933
61,36677
62,780
63,998
64,312
65,180
66,574
67,480
68,3859
69,57
70,7722
71,1740
72,289
73,672
74,602
75,400
76,2520
77,250
78,1170
79,650
80,88
81,3926
82,21486
83,186
84,35
85,772
86,638
87,217
88,15
89,671
90,120
91,2518
92,817
93,300
94,4394
95,257
96,684
97,33500
98,280
99,59
100,136
101,4964
102,48
103,50
104,1064
105,26
106,1669
107,1080
108,86
109,97
110,19
111,249
112,275
113,192
114,12969
115,121
116,31
117,13266
118,1349
119,3596
120,18541
121,70
122,1435
123,9033
124,249
125,47
126,1703
127,331
128,579
129,16231
130,4002
131,2489
132,775
133,382
134,271
135,883
136,1158
137,62
138,1142
139,129
140,435
141,780
142,5230
143,160
144,17
145,17
146,451
147,615
148,583
149,1706
150,159
151,1385
152,787
153,61
154,268
155,63
156,524
157,152
158,220
159,1271
160,40
161,7510
162,147
163,257
164,813
165,46
166,1067
167,185
168,1381
169,101
170,2610
171,60
172,74
173,1729
174,507
175,85
176,401
177,59
178,9
179,4499
180,141
181,5616
182,232
183,25
184,250
185,200
186,50
187,5320
188,179
189,352
190,199
191,2001
192,325
193,4656
194,46
195,14
196,28
197,288
198,179
199,4869
200,25684
201,1348
202,450
203,240
204,568
205,18
206,181
207,512
208,1088
209,534
210,5289
211,2039
212,1047
213,1251
214,7741
215,3671
216,1498
217,238
218,154
219,2620
220,1490
221,7093
222,95
223,2618
224,8
225,179
226,133
227,3296
228,125
229,2989
230,424
231,342
232,28
233,578
234,360
235,582
236,495
237,752
238,213
239,438
240,1175
241,1275
242,9895
243,104
244,558
245,92
246,292
247,360
248,1066
249,1293
250,29
251,18084
252,213
253,136
254,1713
255,68
256,456
257,1000
258,973
259,8130
260,3
261,439
262,320
263,429
264,516
265,131
266,8
267,78
268,13792
269,2925
270,119
271,996
272,796
273,253
274,241
275,3931
276,780
277,399
278,483
279,682
280,1395
281,99
282,689
283,255
284,2251
285,129
286,91
287,210
288,1436
289,870
290,515
291,970
292,676
293,3303
294,396
295,188
296,15
297,1131
298,156
299,1424
300,18
301,5959
302,1346
303,233
304,778
305,4035
306,932
307,745
308,718
309,40
310,451
311,6566
312,2945
313,31447
314,1339
315,1629
316,460
317,885
318,728
319,990
320,483
321,45
322,2377
323,1970
324,48
325,109
326,2627
327,114
328,155
329,3496
330,458
331,1161
332,104
333,86
334,10245
335,2419
336,71
337,53
338,2632
339,1009
340,1483
341,1677
342,64
343,478
344,542
345,105
346,2166
347,256313
348,208
349,1104
350,1517
351,214
352,116
353,4151
354,844
355,135
356,30
357,14
358,192
359,4709
360,1428
361,5699
362,233
363,254
364,3233
365,2177
366,534
367,569
368,443
369,3378
370,464
371,745
372,2156
373,382
374,18
375,157
376,366
377,205
378,826
379,2107
380,2887
381,188
382,89
383,17
384,81
385,530
386,420
387,116
388,600
389,1718
390,1142
391,358
392,3045
393,2211
394,620
395,89
396,1196
397,1031
398,661
399,112
400,1350
401,399
402,855
403,25
404,218
405,231
406,417
407,36
408,1321
409,576
410,1006
411,2858
412,716
413,50
414,519
415,1308
416,696
417,22237
418,46
419,1516
420,10952
421,229
422,26
423,891
424,78
425,2012
426,297
427,1337
428,284
429,2776
430,106
431,286
432,300
433,145
434,77
435,2155
436,7421
437,1625
438,15
439,3071
440,2106
441,101
442,6568
443,2360
444,1646
445,4650
446,663
447,721
448,136
449,2809
450,36
451,410
452,530
453,26
454,10
455,98
456,2296
457,1152
458,997
459,322
460,711
461,69
462,351
463,52
464,74
465,3002
466,200
467,18
468,1654
469,909
470,512
471,1240
472,702
473,1629
474,74
475,3450
476,200
477,1237
478,25
479,168
480,6571
481,180
482,200
483,2868
484,100
485,48999
486,415
487,189
488,2211
489,303
490,1789
491,2437
492,3375
493,906
494,480
495,159
496,2342
497,376
498,4150
499,523
500,100
501,1684
502,1823
503,627
504,2501
505,332
506,2388
507,106
508,457
509,199
510,384
511,1182
512,224
513,1029
514,7554
515,1994
516,46
517,4450
518,8427
519,453
520,555
521,542
522,3230
523,18
524,150
525,218
526,2206
527,459
528,869
529,174
530,221
531,747
532,55
533,151
534,95315
535,924
536,5993
537,3396
538,128
539,331
540,368
541,348
542,595
543,192
544,2747
545,344
546,135
547,1103
548,106
549,232
550,70
551,377
552,915
553,5926
554,667
555,246
556,435
557,4820
558,71
559,128
560,18
561,326
562,838
563,30
564,382
565,276
566,76
567,99
568,83
569,28
570,6540
571,296
572,24452
573,255
574,1750
575,663
576,152
577,3808
578,1608
579,540
580,1059
581,827
582,157
583,173
584,2214
585,236
586,1017
587,31
588,171
589,27
590,488
591,26
592,429
593,6833
594,3740
595,3800
596,131
597,690
598,3117
599,131
600,7058
601,220
602,38
603,34
604,848
605,2227
606,136
607,603
608,13420
609,8764
610,662
611,79
612,1622
613,737
614,402
615,29016
616,460
617,401
618,21238
619,4735
620,4517
621,590
622,135
623,50
624,1419
625,402
626,213
627,6299
628,72
629,1896
630,895
631,538
632,466
633,150
634,965
635,10
636,1153
637,744
638,397
639,122
640,676
641,67
642,1592
643,7234
644,348
645,1330
646,3871
647,1404
648,64
649,10796
650,82
651,172
652,1278
653,386
654,1227
655,1767
656,409
657,34
658,183
659,1275
660,13
661,4919
662,168
663,264
664,4614
665,11
666,480
667,2905
668,1995
669,719
670,1426
671,612
672,912
673,3864
674,1031
675,30
676,629
677,228
678,23
679,1804
680,2550
681,285
682,599
683,6
684,1684
685,592
686,175
687,180
688,48
689,2535
690,1985
691,350
692,18632
693,591
694,18
695,7637
696,679
697,2820
698,8629
699,369
700,90
701,815
702,18
703,1268
704,8825
705,310
706,42586
707,1192
708,337
709,4358
710,366
711,121
712,672
713,1619
714,1275
715,1769
716,104
717,626
718,2979
719,73
720,296
721,149
722,229
723,890
724,301
725,119
726,7172
727,180
728,1714
729,5139
730,155
731,1193
732,288
733,382
734,277
735,673
736,1616
737,10312
738,32
739,282
740,4343
741,2811
742,2087
743,135
744,29
745,2074
746,73
747,4167
748,532
749,1987
750,68
751,1626
752,593
753,631
754,3784
755,345
756,185
757,202
758,260
759,2578
760,30
761,28
762,160
763,31
764,1725
765,20
766,847
767,1247
768,507
769,5888
770,77
771,105
772,848
773,70
774,42
775,6248
776,801
777,180
778,95
779,3210
780,1074
781,1168
782,1268
783,2579
784,23
785,3890
786,27
787,256
788,1043
789,3057
790,628
791,10588
792,62
793,200
794,403
795,40
796,7072
797,131
798,900
799,188
800,2391
801,1581
802,979
803,18210
804,50
805,25
806,3615
807,1910
808,399
809,68
810,589
811,460
812,218
813,46
814,501
815,346
816,91499
817,3010
818,3217
819,2127
820,532
821,191
822,2568
823,170
824,4180
825,340
826,317
827,808
828,173
829,560
830,107
831,1164
832,868
833,1803
834,1420
835,47
836,48
837,1332
838,2545
839,245
840,200
841,192
842,1505
843,10
844,627
845,405
846,214
847,5254
848,2756
849,317
850,385
851,23
852,26
853,404
854,347
855,2860
856,327
857,191
858,4726
859,336
860,34294
861,2826
862,308
863,63
864,2116
865,761
866,1185
867,586
868,1432
869,2663
870,594
871,145
872,248
873,2950
874,14
875,265
876,140
877,20
878,221
879,4557
880,31
881,2831
882,47
883,22
884,1064
885,2048
886,476
887,3015
888,5540
889,104
890,17743
891,2567
892,30
893,208
894,3849
895,96
896,777
897,871
898,244
899,1823
900,14713
901,1071
902,4337
903,1060
904,515
905,3055
906,9643
907,1220
908,11905
909,476
910,1109
911,224
912,308
913,2775
914,2464
915,722
916,792
917,1212
918,28
919,2696
920,753
921,45
922,142
923,69
924,38
925,222
926,767
927,506
928,298
929,342
930,1945
931,464
932,534
933,186
934,274
935,699
936,238
937,200
938,787
939,284
940,4113
941,323
942,645
943,1139
944,116
945,1701
946,293
947,1459
948,7399
949,1029
950,526
951,97
952,2464
953,3404
954,886
955,1618
956,238
957,10
958,112
959,877
960,3919
961,37
962,795
963,480
964,528
965,183
966,3580
967,286
968,27
969,1302
970,746
971,3336
972,3505
973,441
974,116
975,438
976,65
977,1950
978,1671
979,2422
980,2996
981,2908
982,624
983,350
984,12
985,181
986,216
987,208
988,324
989,1609
990,888
991,566
992,780
993,3224
994,237
995,1075
996,602
997,20
998,978
999,18
1000,834
1001,659
1002,2686
1003,438
1004,369
1005,4224
1006,651
1007,2316
1008,2200
1009,425
1010,619
1011,144
1012,136
1013,1820
1014,179
1015,691
1016,66
1017,435
1018,75
1019,314
1020,16
1021,40
1022,1084
1023,132
1024,38
1025,100
1026,1371
1027,5577
1028,134
1029,40
1030,984
1031,18
1032,681
1033,472
1034,767
1035,3044
1036,3484
1037,6317
1038,331
1039,715
1040,1240
1041,2358
1042,1673
1043,1743
1044,104
1045,1382
1046,117
1047,360
1048,491
1049,69
1050,270
1051,90
1052,3233
1053,2115
1054,2042
1055,3377
1056,1321
1057,72
1058,193
1059,914
1060,97
1061,842
1062,9626
1063,2149
1064,354
1065,925
1066,18
1067,1273
1068,668
1069,230
1070,16
1071,340
1072,9728
1073,141
1074,36
1075,2049
1076,176
1077,1494
1078,1528
1079,482
1080,978
1081,1024
1082,398
1083,192
1084,598
1085,166
1086,3381
1087,64
1088,1186
1089,76
1090,4122
1091,340
1092,1285
1093,274
1094,3832
1095,474
1096,232
1097,373
1098,2249
1099,57
1100,457
1101,1684
1102,1673
1103,51
1104,377
1105,4865
1106,44
1107,2078
1108,741
1109,5766
1110,6408
1111,170
1112,526
1113,2247
1114,295
1115,51
1116,2895
1117,1432
1118,47655
1119,295
1120,128
1121,3085
1122,28117
1123,2559
1124,735
1125,435
1126,4574
1127,439
1128,121
1129,51
1130,180
1131,48
1132,390
1133,40
1134,1525
1135,2215
1136,722
1137,74
1138,80
1139,58
1140,59
1141,1647
1142,1243
1143,60
1144,201
1145,2008
1146,516
1147,58
1148,436
1149,204
1150,30
1151,659
1152,3042
1153,79
1154,210
1155,563
1156,15274
1157,193
1158,7725
1159,139
1160,2113
1161,3268
1162,2042
1163,2754
1164,99
1165,163
1166,3009
1167,1382
1168,666
1169,156
1170,45
1171,1106
1172,3064
1173,223
1174,1792
1175,1422
1176,3759
1177,127878
1178,389
1179,4002
1180,1850
1181,135
1182,399
1183,47
1184,1601
1185,2236
1186,47
1187,2120
1188,1526
1189,72
1190,573
1191,208
1192,4592
1193,115
1194,2416
1195,180
1196,2402
1197,6801
1198,62
1199,17014
1200,2524
1201,47630
1202,110
1203,733
1204,1404
1205,1835
1206,125
1207,482
1208,86
1209,1537
1210,3323
1211,375
1212,2170
1213,1321
1214,1012
1215,12
1216,2105
1217,764
1218,288
1219,396
1220,364
1221,388
1222,3021
1223,89
1224,434
1225,1350
1226,10509
1227,138
1228,42788
1229,668
1230,48
1231,431
1232,2151
1233,250
1234,536
1235,160
1236,543
1237,1031
1238,204
1239,456
1240,874
1241,729
1242,211
1243,433
1244,671
1245,704
1246,19318
1247,366
1248,1417
1249,87
1250,896
1251,108
1252,10
1253,464
1254,1369
1255,2211
1256,415
1257,4622
1258,2502
1259,42
1260,3622
1261,223
1262,337
1263,1783
1264,2846
1265,19891
1266,2161
1267,1647
1268,205
1269,245
1270,920
1271,18
1272,207
1273,8185
1274,387
1275,111
1276,1156
1277,214
1278,11874
1279,3896
1280,275
1281,686
1282,484
1283,1379
1284,3317
1285,224
1286,303
1287,1151
1288,1494
1289,641
1290,1163
1291,722
1292,239
1293,137
1294,243
1295,1361
1296,569
1297,177
1298,583
1299,1148
1300,570
1301,2973
1302,995
1303,258
1304,84
1305,1617
1306,20
1307,129
1308,2796
1309,30
1310,214
1311,427
1312,71
1313,105
1314,234
1315,2275
1316,9026
1317,190
1318,475
1319,995
1320,722
1321,490
1322,249
1323,596
1324,272
1325,10963
1326,10229
1327,5037
1328,10509
1329,801
1330,12805
1331,1596
1332,1368
1333,51
1334,2384
1335,304
1336,1584
1337,1931
1338,1220
1339,79
1340,2218
1341,1418
1342,71
1343,120
1344,564
1345,355
1346,349
1347,4838
1348,284
1349,73
1350,978
1351,368
1352,80
1353,1171
1354,366
1355,2902
1356,411
1357,657
1358,218
1359,6132
1360,1168
1361,17
1362,125
1363,153
1364,8822
1365,3039
1366,5355
1367,774
1368,834
1369,1132
1370,973
1371,47
1372,248
1373,10984
1374,853
1375,700
1376,96
1377,222
1378,874
1379,216
1380,364
1381,223
1382,4143
1383,13
1384,218
1385,19875
1386,1911
1387,134
1388,33
1389,699
1390,866
1391,962
1392,172
1393,146
1394,175
1395,356
1396,478
1397,412
1398,5263
1399,4497
1400,159
1401,150
1402,77
1403,210
1404,194
1405,705
1406,1772
1407,70
1408,42
1409,4662
1410,227
1411,25
1412,347
1413,706
1414,2958
1415,69
1416,148
1417,427
1418,5286
1419,11209
1420,424
1421,3421
1422,1268
1423,99
1424,2250
1425,92
1426,83
1427,180
1428,1552
1429,6384
1430,837
1431,346
1432,763
1433,75
1434,609
1435,253
1436,678
1437,339
1438,165
1439,2310
1440,355
1441,9683
1442,826
1443,998
1444,15006
1445,163
1446,210
1447,1018
1448,31
1449,470
1450,135
1451,77
1452,2482
1453,984
1454,352
1455,2865
1456,470
1457,1199
1458,2353
1459,293
1460,782
1461,899
1462,1205
1463,2205
1464,2576
1465,1163
1466,250
1467,18
1468,1216
1469,1192
1470,2107
1471,100
1472,238
1473,157
1474,459
1475,3046
1476,578
1477,1002
1478,882
1479,414
1480,79
1481,82
1482,482
1483,1019
1484,6540
1485,491
1486,608
1487,152
1488,97
1489,1068
1490,3859
1491,735
1492,161
1493,4576
1494,741
1495,4588
1496,77
1497,453
1498,363
1499,463
1500,1154
1501,11
1502,185
1503,76
1504,2146
1505,848
1506,758
1507,30
1508,48
1509,442
1510,1586
1511,39
1512,398
1513,4678
1514,1784
1515,721
1516,38
1517,469
1518,15
1519,473
1520,2114
1521,325
1522,53
1523,60
1524,2484
1525,4156
1526,2701
1527,350
1528,541
1529,1632
1530,175
1531,3930
1532,742
1533,522
1534,1845
1535,1772
1536,522
1537,534
1538,1308
1539,313
1540,135
1541,687
1542,27049
1543,84
1544,390
1545,1027
1546,53950
1547,154
1548,9131
1549,614
1550,843
1551,21703
1552,35
1553,253
1554,6682
1555,177
1556,1189
1557,420
1558,352
1559,335
1560,667
1561,436
1562,970
1563,18
1564,442
1565,4553
1566,1399
1567,368
1568,10462
1569,558
1570,3442
1571,80
1572,1356
1573,3174
1574,5864
1575,351
1576,953
1577,2787
1578,53
1579,32
1580,83
1581,15299
1582,366
1583,641
1584,2329
1585,543
1586,2917
1587,85
1588,525
1589,100
1590,1743
1591,1420
1592,23
1593,237
1594,41324
1595,417
1596,1153
1597,349
1598,1587
1599,62
1600,280
1601,2868
1602,552
1603,259
1604,1877
1605,344
1606,374
1607,3954
1608,4622
1609,28
1610,306
1611,76
1612,6235
1613,128
1614,29
1615,722
1616,68
1617,401
1618,16
1619,180
1620,231
1621,329
1622,791
1623,980
1624,819
1625,380
1626,11766
1627,2288
1628,1247
1629,1452
1630,228
1631,543
1632,168
1633,9412
1634,6355
1635,1039
1636,55
1637,1922
1638,30
1639,2648
1640,4944
1641,125
1642,601
1643,20
1644,475
1645,811
1646,525
1647,1004
1648,3279
1649,1808
1650,1914
1651,681
1652,3599
1653,502
1654,96
1655,100
1656,29
1657,147
1658,69
1659,1047
1660,32
1661,371
1662,1606
1663,932
1664,153
1665,21
1666,4295
1667,1609
1668,527
1669,105
1670,360
1671,1478
1672,4968
1673,267
1674,40
1675,189
1676,32
1677,107
1678,3934
1679,469
1680,2101
1681,12
1682,31
1683,462
1684,29
1685,687
1686,837
1687,20930
1688,59
1689,2183
1690,854
1691,753
1692,123
1693,7849
1694,31301
1695,824
1696,217
1697,97
1698,65
1699,471
1700,353
1701,11612
1702,32
1703,512
1704,1642
1705,3390
1706,1028
1707,57
1708,358
1709,7336
1710,65
1711,3906
1712,393
1713,800
1714,2130
1715,1638
1716,1045
1717,9541
1718,766
1719,1976
1720,1313
1721,1552
1722,1423
1723,165
1724,90
1725,10
1726,1139
1727,239
1728,761
1729,3173
1730,1322
1731,9668
1732,64
1733,745
1734,78
1735,516
1736,135
1737,143
1738,288
1739,235
1740,42
1741,1017
1742,120
1743,116
1744,349
1745,350
1746,1341
1747,3821
1748,508
1749,199
1750,319
1751,18
1752,115
1753,460
1754,351
1755,2618
1756,423
1757,567
1758,18
1759,5268
1760,85
1761,690
1762,99
1763,849
1764,75
1765,15867
1766,2645
1767,80
1768,856
1769,374
1770,75
1771,1336
1772,1756
1773,2162
1774,1098
1775,524
1776,208
1777,5433
1778,1761
1779,481
1780,20
1781,3947
1782,406
1783,1634
1784,58
1785,1161
1786,1077
1787,1599
1788,196
1789,5803
1790,4028
1791,171
1792,341
1793,405
1794,866
1795,1238
1796,72
1797,876
1798,408
1799,580
1800,1490
1801,2211
1802,54
1803,1127
1804,38
1805,17
1806,40
1807,204
1808,6888
1809,11671
1810,21799
1811,153
1812,175
1813,539
1814,458
1815,259
1816,572
1817,2876
1818,3083
1819,168
1820,5785
1821,527
1822,1454
1823,174
1824,444
1825,114
1826,247
1827,6094
1828,658
1829,247
1830,676
1831,970
1832,149
1833,456
1834,453
1835,46
1836,12880
1837,662
1838,498
1839,32
1840,6511
1841,831
1842,2580
1843,412
1844,611
1845,376
1846,52
1847,379
1848,47
1849,15993
1850,2352
1851,388
1852,890
1853,33
1854,954
1855,3844
1856,938
1857,517
1858,28
1859,6761
1860,967
1861,2514
1862,37
1863,1160
1864,13902
1865,1042
1866,94
1867,390
1868,442
1869,3908
1870,397
1871,1625
1872,62
1873,55
1874,284
1875,480
1876,2119
1877,108
1878,87
1879,664
1880,128
1881,1122
1882,311
1883,69
1884,1269
1885,47
1886,524
1887,1529
1888,14349
1889,2767
1890,42
1891,229
1892,1189
1893,278
1894,450
1895,285
1896,55
1897,89
1898,2121
1899,329
1900,60
1901,208
1902,1419
1903,122
1904,144
1905,11892
1906,593
1907,707
1908,339
1909,340
1910,32021
1911,1608
1912,6054
1913,46
1914,244
1915,15
1916,158
1917,240
1918,551
1919,259
1920,258
1921,1255
1922,1862
1923,283
1924,717
1925,63
1926,100
1927,593
1928,168
1929,235
1930,356
1931,125
1932,1538
1933,96
1934,1242
1935,143
1936,133
1937,397
1938,20
1939,248
1940,4793
1941,447
1942,1761
1943,946
1944,580
1945,51
1946,12772
1947,14665
1948,76
1949,1062
1950,19
1951,597
1952,98
1953,186
1954,7
1955,826
1956,19
1957,1556
1958,657
1959,13283
1960,548
1961,78
1962,9146
1963,481
1964,1793
1965,1258
1966,762
1967,217
1968,350
1969,588
1970,92
1971,547
1972,2810
1973,135
1974,2305
1975,1246
1976,600
1977,1894
1978,55
1979,2277
1980,1927
1981,400
1982,209
1983,1222
1984,1120
1985,302
1986,5636
1987,810
1988,1515
1989,365
1990,104
1991,82
1992,2478
1993,1310
1994,231
1995,96
1996,1061
1997,49
1998,792
1999,16708
2000,1176
2001,311
2002,3115
2003,2500
2004,2425
2005,1347
2006,54
2007,84
2008,490
2009,35
2010,848
2011,182
2012,680
2013,722
2014,289
2015,749
2016,2424
2017,2727
2018,901
2019,570
2020,14
2021,566
2022,330
2023,2513
2024,26
2025,24
2026,58
2027,50
2028,4974
2029,130
2030,8701
2031,4759
2032,21718
2033,1748
2034,1351
2035,32
2036,17
2037,47197
2038,114
2039,96
2040,1101
2041,620
2042,68
2043,181
2044,1292
2045,4535
2046,1677
2047,385
2048,1262
2049,491
2050,138
2051,7753
2052,17
2053,1005
2054,280
2055,319
2056,129
2057,28885
2058,458
2059,71
2060,1106
2061,573
2062,212
2063,19238
2064,117
2065,1018
2066,2799
2067,1160
2068,236
2069,48
2070,46
2071,3
2072,325
2073,1014
2074,1094
2075,90
2076,2169
2077,380
2078,145
2079,971
2080,63
2081,50
2082,1104
2083,15
2084,1372
2085,99
2086,12
2087,312
2088,232
2089,337
2090,11073
2091,1642
2092,376
2093,1121
2094,2205
2095,68
2096,519
2097,124
2098,50
2099,29
2100,3450
2101,1482
2102,259
2103,1142
2104,138
2105,13
2106,121
2107,1185
2108,1078
2109,7441
2110,2711
2111,456
2112,2040
2113,218
2114,3251
2115,3485
2116,5016
2117,2129
2118,389
2119,196
2120,3345
2121,58
2122,52
2123,371
2124,17637
2125,1923
2126,14273
2127,3568
2128,8638
2129,1299
2130,848
2131,485
2132,227
2133,2541
2134,453
2135,17
2136,6338
2137,3665
2138,115
2139,90
2140,756
2141,183
2142,1179
2143,99
2144,167
2145,3248
2146,1795
2147,155
2148,629
2149,1352
2150,1871
2151,337
2152,142
2153,1848
2154,221
2155,1025
2156,18
2157,1609
2158,701
2159,500
2160,42
2161,471
2162,30
2163,222
2164,43
2165,365
2166,167
2167,2155
2168,29
2169,797
2170,39
2171,34
2172,1725
2173,107
2174,375
2175,933
2176,1878
2177,18
2178,540
2179,234
2180,579
2181,46
2182,1433
2183,525
2184,817
2185,271
2186,739
2187,1234
2188,822
2189,187
2190,594
2191,1836
2192,87
2193,550
2194,61
2195,2316
2196,65
2197,132
2198,4895
2199,22
2200,347
2201,1763
2202,350
2203,244
2204,203
2205,6803
2206,45
2207,254
2208,684
2209,25
2210,650
2211,3293
2212,36
2213,668
2214,597
2215,1282
2216,1670
2217,238
2218,416
2219,3326
2220,2049
2221,655
2222,112
2223,765
2224,22
2225,812
2226,5280
2227,1289
2228,5843
2229,349
2230,5564
2231,714
2232,1974
2233,337
2234,251
2235,42
2236,478
2237,98
2238,148
2239,934
2240,268
2241,3639
2242,434
2243,4704
2244,4733
2245,342
2246,47
2247,2540
2248,100745
2249,460
2250,921
2251,910
2252,113
2253,560
2254,7993
2255,550
2256,1055
2257,427
2258,568
2259,1016
2260,2870
2261,1491
2262,39
2263,718
2264,4567
2265,17029
2266,38
2267,40
2268,296
2269,160
2270,2239
2271,423
2272,1368
2273,12
2274,1128
2275,27
2276,1358
2277,174
2278,3021
2279,329
2280,313
2281,2011
2282,2481
2283,865
2284,111
2285,66
2286,278
2287,1126
2288,1033
2289,343
2290,18
2291,270
2292,296
2293,496
2294,1615
2295,3000
2296,11
2297,1718
2298,2785
2299,570
2300,1017
2301,226
2302,1956
2303,2887
2304,965
2305,40
2306,939
2307,75
2308,872
2309,2427
2310,2152
2311,511
2312,1298
2313,1132
2314,932
2315,941
2316,1366
2317,231
2318,922
2319,468
2320,1881
2321,412
2322,3489
2323,1508
2324,532
2325,7574
2326,1311
2327,68
2328,2115
2329,5108
2330,20
2331,2196
2332,350
2333,363
2334,23
2335,670
2336,2636
2337,499
2338,1158
2339,9457
2340,49
2341,60
2342,5142
2343,1273
2344,3827
2345,71
2346,596
2347,30
2348,396
2349,144
2350,341
2351,16
2352,227
2353,2026
2354,282
2355,439
2356,14
2357,866
2358,566
2359,193
2360,12528
2361,887
2362,1089
2363,94
2364,1523
2365,58
2366,376
2367,378
2368,2018
2369,592
2370,183
2371,1460
2372,815
2373,599
2374,259
2375,922
2376,1253
2377,370
2378,677
2379,47
2380,105
2381,39
2382,415
2383,567
2384,594
2385,82
2386,43
2387,634
2388,202
2389,71
2390,61
2391,2055
2392,59
2393,65
2394,92
2395,5912
2396,106
2397,738
2398,374
2399,56
2400,61
2401,55
2402,1286
2403,1971
2404,1665
2405,370
2406,11595
2407,892
2408,812
2409,478
2410,7590
2411,44
2412,262
2413,3259
2414,441
2415,6038
2416,1237
2417,577
2418,2056
2419,1617
2420,1832
2421,5684
2422,750
2423,24
2424,265
2425,451
2426,125
2427,1481
2428,6
2429,634
2430,329
2431,6947
2432,542
2433,1255
2434,5149
2435,280
2436,750
2437,64
2438,213
2439,1020
2440,676
2441,330
2442,227
2443,345
2444,467
2445,624
2446,228
2447,7819
2448,5837
2449,205
2450,81
2451,60
2452,320
2453,186
2454,520
2455,337
2456,106
2457,921
2458,935
2459,36
2460,325
2461,199
2462,52
2463,824
2464,4090
2465,280
2466,30
2467,224
2468,586
2469,808
2470,63
2471,1256
2472,575
2473,186
2474,2245
2475,2670
2476,333
2477,647
2478,52
2479,25
2480,2248
2481,284
2482,158
2483,2016
2484,953
2485,1206
2486,125
2487,2785
2488,81
2489,1568
2490,349
2491,161
2492,3069
2493,718
2494,676
2495,761
2496,879
2497,226
2498,183
2499,54
2500,36
2501,599
2502,2836
2503,1263
2504,5366
2505,588
2506,912
2507,1036
2508,2556
2509,390
2510,3858
2511,564
2512,1109
2513,154
2514,8451
2515,475
2516,2297
2517,850
2518,3203
2519,2588
2520,700
2521,101
2522,302
2523,1295
2524,5887
2525,3346
2526,250
2527,828
2528,296
2529,8646
2530,544
2531,196
2532,299
2533,25
2534,34
2535,4759
2536,491
2537,2186
2538,638
2539,4508
2540,189
2541,415
2542,255
2543,4505
2544,224
2545,387
2546,740
2547,398
2548,400
2549,372
2550,249
2551,264
2552,431
2553,152
2554,10
2555,111
2556,293
2557,254
2558,280
2559,130
2560,1155
2561,81581
2562,539
2563,130
2564,275
2565,143
2566,132
2567,718
2568,1042
2569,516
2570,47
2571,1435
2572,1172
2573,7179
2574,74
2575,275
2576,112
2577,94
2578,12139
2579,275
2580,132
2581,212
2582,296
2583,7859
2584,460
2585,66
2586,2835
2587,31
2588,933
2589,2189
2590,37461
2591,752
2592,821
2593,129
2594,72
2595,915
2596,694
2597,5130
2598,86
2599,654
2600,3778
2601,198
2602,504
2603,2257
2604,328
2605,890
2606,1766
2607,607
2608,459
2609,2364
2610,12
2611,428
2612,8809
2613,682
2614,558
2615,279
2616,1189
2617,413
2618,701
2619,1974
2620,1079
2621,108
2622,2476
2623,1142
2624,30
2625,236
2626,130
2627,674
2628,309
2629,398
2630,2385
2631,147
2632,220
2633,93
2634,373
2635,332
2636,25
2637,1519
2638,458
2639,62
2640,27
2641,1025
2642,15848
2643,398
2644,966
2645,312
2646,242
2647,34
2648,257
2649,35
2650,128
2651,2742
2652,238
2653,16995
2654,21
2655,477
2656,318
2657,48
2658,432
2659,1658
2660,516
2661,119
2662,678
2663,461
2664,118
2665,91
2666,242
2667,732
2668,1349
2669,69
2670,550
2671,662
2672,1824
2673,398
2674,2326
2675,90
2676,3366
2677,259
2678,3885
2679,484
2680,67
2681,17
2682,530
2683,1133
2684,275
2685,1355
2686,1742
2687,359
2688,387
2689,741
2690,363
2691,2818
2692,3607
2693,31
2694,349
2695,488
2696,324
2697,722
2698,65
2699,1446
2700,617
2701,6019
2702,1791
2703,231
2704,530
2705,2524
2706,336
2707,166
2708,6090
2709,637
2710,47
2711,49
2712,522
2713,108
2714,574
2715,1406
2716,194
2717,121
2718,1112
2719,266
2720,213
2721,297
2722,312
2723,243
2724,851
2725,6684
2726,1051
2727,40
2728,16071
2729,1405
2730,4418
2731,4646
2732,2905
2733,1889
2734,56
2735,25
2736,689
2737,5037
2738,255
2739,675
2740,3726
2741,16
2742,594
2743,96
2744,14621
2745,1124
2746,3465
2747,27
2748,1378
2749,393
2750,90
2751,30
2752,592
2753,219
2754,1298
2755,63
2756,1504
2757,467
2758,5827
2759,48
2760,1388
2761,4798
2762,324
2763,447
2764,1502
2765,458
2766,539
2767,4416
2768,5481
2769,671
2770,253
2771,3000
2772,62444
2773,2812
2774,1414
2775,553
2776,4730
2777,76
2778,858
2779,160
2780,6775
2781,2582
2782,59
2783,120
2784,13974
2785,765
2786,1360
2787,1058
2788,61
2789,627
2790,10399
2791,1053
2792,915
2793,1870
2794,17339
2795,42
2796,178
2797,226
2798,695
2799,221
2800,622
2801,9
2802,1800
2803,849
2804,102
2805,2569
2806,38
2807,192
2808,2230
2809,357
2810,14
2811,306
2812,7850
2813,3288
2814,1741
2815,6739
2816,62
2817,380
2818,643
2819,574
2820,3417
2821,32
2822,566
2823,102
2824,745
2825,180
2826,1816
2827,3554
2828,76
2829,5675
2830,156
2831,1815
2832,428
2833,1553
2834,713
2835,2216
2836,199
2837,448
2838,71
2839,315
2840,418
2841,100
2842,2772
2843,8258
2844,98
2845,2055
2846,355
2847,647
2848,160
2849,690
2850,1865
2851,2480
2852,130
2853,756
2854,462
2855,34
2856,18
2857,578
2858,424
2859,1703
2860,15
2861,782
2862,159
2863,389
2864,1624
2865,69
2866,153
2867,404
2868,316
2869,243
2870,273
2871,1338
2872,5
2873,539
2874,5367
2875,48
2876,244
2877,15834
2878,3717
2879,21
2880,1195
2881,2776
2882,209
2883,159
2884,422
2885,285
2886,273
2887,1271
2888,124
2889,264
2890,735
2891,347
2892,296
2893,12
2894,31
2895,6117
2896,298
2897,1094
2898,123
2899,2354
2900,653
2901,17237
2902,17
2903,129
2904,1370
2905,530
2906,169
2907,5886
2908,62
2909,63
2910,239
2911,584
2912,3340
2913,148
2914,684
2915,112
2916,398
2917,2443
2918,2213
2919,504
2920,1635
2921,1370
2922,27
2923,98
2924,1326
2925,558
2926,1081
2927,622
2928,580
2929,3347
2930,2807
2931,79
2932,75
2933,1578
2934,654
2935,170
2936,3134
2937,40
2938,22
2939,677
2940,305
2941,5887
2942,960
2943,135
2944,382
2945,2177
2946,4008
2947,2949
2948,1010
2949,980
2950,221
2951,265
2952,196
2953,802
2954,104
2955,338
2956,44
2957,119
2958,156
2959,584
2960,25
2961,5980
2962,166
2963,251
2964,22
2965,679
2966,964
2967,1480
2968,60
2969,783
2970,207
2971,10
2972,112
2973,306
2974,644
2975,341
2976,14
2977,1929
2978,2620
2979,52
2980,310
2981,3358
2982,16
2983,252
2984,932
2985,188
2986,693
2987,2941
2988,1149
2989,1692
2990,136
2991,2128
2992,58
2993,2071
2994,260
2995,485
2996,2087
2997,6
2998,37
2999,5717
3000,65
3001,398
3002,173
3003,474
3004,1170
3005,31
3006,391
3007,16
3008,8450
3009,570
3010,609
3011,2473
3012,2180
3013,1025
3014,229
3015,1063
3016,290
3017,954
3018,328
3019,843
3020,357
3021,5661
3022,847
3023,40
3024,237
3025,3693
3026,2759
3027,865
3028,203
3029,150
3030,159
3031,130
3032,196
3033,980
3034,1486
3035,1968
3036,107
3037,718
3038,2864
3039,398
3040,1288
3041,5150
3042,4434
3043,33
3044,55
3045,145
3046,1635
3047,108
3048,380
3049,902
3050,8401
3051,637
3052,233
3053,715
3054,2971
3055,55
3056,1975
3057,7060
3058,960
3059,1297
3060,1066
3061,120
3062,1400
3063,2465
3064,429
3065,38933
3066,1228
3067,1119
3068,3435
3069,1213
3070,133
3071,191
3072,35
3073,72
3074,546
3075,902
3076,1131
3077,2085
3078,21
3079,440
3080,1224
3081,992
3082,190
3083,159
3084,1838
3085,44
3086,55
3087,329
3088,1221
3089,298
3090,297
3091,150
3092,60
3093,2626
3094,610
3095,1793
3096,151
3097,293
3098,642
3099,32
3100,85
3101,633
3102,1138
3103,1692
3104,4855
3105,311
3106,3601
3107,9107
3108,492
3109,251
3110,447
3111,528
3112,4883
3113,370
3114,621
3115,59
3116,354
3117,4568
3118,129
3119,395
3120,9449
3121,11647
3122,2390
3123,531
3124,395
3125,672
3126,3595
3127,492
3128,188
3129,489
3130,6623
3131,1351
3132,967
3133,751
3134,706
3135,53
3136,171
3137,1310
3138,153
3139,80
3140,500
3141,12
3142,427
3143,2112
3144,197
3145,1639
3146,392
3147,1134
3148,62
3149,1152
3150,530
3151,1022
3152,49
3153,34
3154,312
3155,749
3156,846
3157,333
3158,119
3159,1240
3160,321
3161,1593
3162,719
3163,480
3164,18
3165,5672
3166,579
3167,5707
3168,1616
3169,32
3170,242
3171,4073
3172,1877
3173,250
3174,324
3175,147
3176,370
3177,426
3178,267
3179,941
3180,2429
3181,319
3182,6930
3183,694
3184,544
3185,79
3186,292
3187,25
3188,887
3189,390
3190,165
3191,108
3192,228
3193,62
3194,410
3195,994
3196,522
3197,535
3198,104
3199,819
3200,256
3201,672
3202,2007
3203,9246
3204,586
3205,14504
3206,371
3207,308
3208,252
3209,41
3210,3
3211,1441
3212,230
3213,14589
3214,8225
3215,142
3216,377
3217,907
3218,2433
3219,166
3220,16482
3221,99
3222,42
3223,297
3224,123
3225,496
3226,929
3227,4457
3228,2526
3229,216
3230,4191
3231,257
3232,4111
3233,135
3234,1486
3235,2916
3236,219
3237,11720
3238,190
3239,16
3240,40
3241,20
3242,161
3243,1099
3244,3660
3245,1907
3246,533
3247,3024
3248,15
3249,287
3250,30
3251,72
3252,149
3253,290
3254,208
3255,213
3256,87
3257,127
3258,306
3259,32
3260,289
3261,2013
3262,435
3263,315
3264,1144
3265,948
3266,287
3267,1551
3268,198
3269,82
3270,20
3271,14210
3272,1310
3273,538
3274,85
3275,282
3276,2150
3277,331
3278,140
3279,2825
3280,767
3281,545
3282,1963
3283,769
3284,2300
3285,13789
3286,57
3287,1951
3288,180
3289,16
3290,41
3291,2719
3292,18
3293,245
3294,7719
3295,3526
3296,1152
3297,84
3298,1119
3299,164
3300,214
3301,89
3302,1164
3303,33
3304,304
3305,6837
3306,1096
3307,38980
3308,982
3309,1177
3310,21
3311,359
3312,386
3313,213
3314,1927
3315,984
3316,290
3317,2146
3318,722
3319,1242
3320,2127
3321,7464
3322,1752
3323,4894
3324,65
3325,8990
3326,489
3327,697
3328,129
3329,135
3330,558
3331,171
3332,2451
3333,388
3334,302
3335,199
3336,110
3337,123
3338,26
3339,206
3340,1037
3341,577
3342,20
3343,120
3344,1149
3345,4594
3346,592
3347,1240
3348,147
3349,26
3350,7719
3351,427
3352,20667
3353,1692
3354,3470
3355,10
3356,226
3357,522
3358,3035
3359,52
3360,415
3361,63
3362,922
3363,299
3364,351
3365,39
3366,1118
3367,985
3368,344
3369,1246
3370,2657
3371,114
3372,144
3373,281
3374,2538
3375,2035
3376,26
3377,350
3378,3446
3379,402
3380,432
3381,80
3382,204
3383,353
3384,95
3385,114
3386,170
3387,13315
3388,393
3389,1409
3390,365
3391,7246
3392,609
3393,215
3394,1069
3395,208
3396,150
3397,102
3398,1050
3399,682
3400,760
3401,66
3402,132
3403,4963
3404,483
3405,2442
3406,188
3407,111
3408,95
3409,1160
3410,1588
3411,90
3412,2199
3413,3565
3414,657
3415,18
3416,48
3417,3724
3418,244
3419,383
3420,2644
3421,368
3422,378
3423,4220
3424,267
3425,8897
3426,87
3427,262
3428,45
3429,1668
3430,1394
3431,145
3432,2477
3433,39
3434,305
3435,20
3436,50
3437,156
3438,431
3439,564
3440,2796
3441,563
3442,92
3443,55
3444,497
3445,1113
3446,2574
3447,553
3448,405
3449,509
3450,2604
3451,67
3452,382
3453,308
3454,267
3455,609
3456,10962
3457,1584
3458,2101
3459,213
3460,2296
3461,1516
3462,830
3463,3530
3464,212
3465,4953
3466,997
3467,912
3468,511
3469,222
3470,834
3471,3920
3472,2497
3473,1089
3474,213
3475,24
3476,2732
3477,1474
3478,1474
3479,101
3480,2151
3481,3931
3482,1815
3483,13
3484,228
3485,814
3486,104
3487,35
3488,18
3489,115
3490,150
3491,102
3492,3091
3493,158
3494,100
3495,2313
3496,81
3497,3404
3498,3276
3499,2720
3500,951
3501,13766
3502,60
3503,10367
3504,10
3505,1315
3506,1551
3507,5341
3508,4025
3509,1982
3510,35
3511,479
3512,178
3513,275
3514,274
3515,32
3516,396
3517,4233
3518,599
3519,241
3520,41
3521,23
3522,90
3523,884
3524,414
3525,15
3526,74
3527,1085
3528,3765
3529,2356
3530,78
3531,29
3532,3209
3533,1427
3534,1670
3535,46452
3536,2121
3537,500
3538,338
3539,304
3540,292
3541,361
3542,72
3543,283
3544,149
3545,6213
3546,1087
3547,505
3548,1788
3549,6090
3550,193
3551,349
3552,43
3553,18
3554,277
3555,562
3556,775
3557,635
3558,99
3559,518
3560,3283
3561,194
3562,31999
3563,4336
3564,1107
3565,1070
3566,503
3567,1801
3568,160
3569,727
3570,739
3571,3526
3572,9
3573,152
3574,280
3575,434
3576,1145
3577,884
3578,290
3579,4320
3580,190
3581,1385
3582,187
3583,3808
3584,75
3585,330
3586,440
3587,902
3588,64
3589,2690
3590,149
3591,614
3592,1679
3593,2536
3594,1337
3595,192
3596,749
3597,5332
3598,4906
3599,256
3600,1435
3601,35
3602,15
3603,174
3604,561
3605,3059
3606,118
3607,685
3608,184
3609,235
3610,184
3611,77
3612,1593
3613,779
3614,3649
3615,582
3616,789
3617,60
3618,409
3619,50
3620,941
3621,3034
3622,1027
3623,89
3624,56
3625,1366
3626,837
3627,1317
3628,33
3629,40
3630,32
3631,1949
3632,1356
3633,4910
3634,3086
3635,60
3636,482
3637,363
3638,228
3639,1525
3640,7736
3641,35
3642,100
3643,677
3644,768
3645,325
3646,1429
3647,49
3648,5748
3649,54
3650,359
3651,10
3652,527
3653,2679
3654,30
3655,699
3656,27395
3657,1917
3658,786
3659,263
3660,3309
3661,25
3662,80
3663,12117
3664,538
3665,699
3666,449
3667,216
3668,3051
3669,335
3670,21
3671,76
3672,67
3673,37
3674,1815
3675,15
3676,91
3677,2680
3678,311
3679,44
3680,1476
3681,787
3682,532
3683,72
3684,16
3685,10
3686,2367
3687,1965
3688,1310
3689,5708
3690,144
3691,130
3692,215
3693,15
3694,194
3695,1006
3696,1304
3697,44
3698,129
3699,11073
3700,80
3701,2617
3702,376
3703,311
3704,897
3705,1223
3706,176
3707,9003
3708,206
3709,16921
3710,2827
3711,541
3712,494
3713,5641
3714,2814
3715,26
3716,183
3717,1234
3718,474
3719,9
3720,8888
3721,515
3722,118
3723,218
3724,54
3725,1210
3726,146
3727,3788
3728,88
3729,633
3730,440
3731,4251
3732,639
3733,3398
3734,1270
3735,32
3736,618
3737,1050
3738,609
3739,942
3740,10524
3741,2893
3742,474
3743,2936
3744,3710
3745,108
3746,661
3747,300
3748,275
3749,1003
3750,5732
3751,6348
3752,712
3753,7732
3754,260
3755,515
3756,22
3757,2235
3758,1414
3759,310
3760,943
3761,542
3762,5844
3763,709
3764,7594
3765,86
3766,166
3767,270
3768,14334
3769,1884
3770,7472
3771,46
3772,13
3773,2482
3774,2747
3775,120
3776,901
3777,120
3778,303
3779,3
3780,115
3781,3186
3782,381
3783,1036
3784,577
3785,2383
3786,8105
3787,739
3788,245
3789,888
3790,17196
3791,4941
3792,5882
3793,34
3794,6985
3795,883
3796,1415
3797,915
3798,2174
3799,267
3800,786
3801,103
3802,160
3803,65
3804,3349
3805,1985
3806,506
3807,525
3808,602
3809,103
3810,732
3811,1358
3812,1207
3813,250
3814,53
3815,37
3816,1638
3817,550
3818,820
3819,476
3820,682
3821,1181
3822,98
3823,158
3824,4721
3825,299
3826,717
3827,300
3828,127
3829,2635
3830,7930
3831,34
3832,333
3833,1634
3834,1111
3835,539
3836,1616
3837,159
3838,1933
3839,148
3840,430
3841,417
3842,18
3843,139
3844,1558
3845,1312
3846,7336
3847,564
3848,280
3849,9023
3850,12395
3851,149
3852,76
3853,718
3854,3048
3855,37
3856,69
3857,840
3858,39
3859,288
3860,143
3861,569
3862,3922
3863,343
3864,17
3865,404
3866,2587
3867,762
3868,2394
3869,196
3870,591
3871,69
3872,211
3873,1702
3874,1266
3875,18
3876,158
3877,1666
3878,1276
3879,4039
3880,1769
3881,10839
3882,985
3883,27
3884,150
3885,3139
3886,572
3887,2816
3888,528
3889,160
3890,661
3891,883
3892,221
3893,18
3894,280
3895,739
3896,3134
3897,1209
3898,2099
3899,110
3900,343
3901,273
3902,363
3903,631
3904,1781
3905,10
3906,374
3907,2060
3908,1673
3909,318
3910,208
3911,34
3912,160
3913,432
3914,249
3915,476
3916,1676
3917,650
3918,1398
3919,11
3920,142
3921,2733
3922,370
3923,1273
3924,195
3925,939
3926,50
3927,3738
3928,544
3929,254
3930,455
3931,4795
3932,2
3933,14112
3934,713
3935,1639
3936,713
3937,120
3938,8
3939,7977
3940,302
3941,187
3942,296
3943,1746
3944,1926
3945,430
3946,857
3947,536
3948,1380
3949,156
3950,7521
3951,114
3952,4281
3953,17
3954,32
3955,239
3956,882
3957,2262
3958,116
3959,1585
3960,821
3961,79
3962,78
3963,56
3964,710
3965,578
3966,106
3967,884
3968,258
3969,1047
3970,1096
3971,1781
3972,1162
3973,3478
3974,182730
3975,520
3976,152
3977,1106
3978,633
3979,7798
3980,489
3981,1117
3982,111
3983,1988
3984,327
3985,925
3986,10104
3987,28
3988,2254
3989,1822
3990,234
3991,19
3992,18
3993,26
3994,984
3995,31
3996,821
3997,2271
3998,611
3999,40
4000,139
4001,1554
4002,30
4003,1073
4004,3339
4005,23
4006,59
4007,32
4008,267
4009,580
4010,8138
4011,2504
4012,54
4013,1208
4014,990
4015,342
4016,15
4017,28
4018,49
4019,128
4020,788
4021,15693
4022,440
4023,825
4024,79
4025,3370
4026,1209
4027,12
4028,4385
4029,139
4030,576
4031,822
4032,82
4033,312
4034,171
4035,793
4036,182
4037,24
4038,2411
4039,492
4040,1050
4041,109
4042,60
4043,694
4044,636
4045,212
4046,2977
4047,4591
4048,2744
4049,18
4050,222
4051,40
4052,802
4053,73
4054,284
4055,269
4056,670
4057,322
4058,192
4059,1314
4060,84
4061,97
4062,197
4063,4092
4064,522
4065,1501
4066,134
4067,5395
4068,257
4069,124
4070,124
4071,214
4072,151
4073,532
4074,305
4075,949
4076,311
4077,893
4078,8
4079,850
4080,106
4081,1171
4082,436
4083,351
4084,359
4085,888
4086,142
4087,96
4088,219
4089,1020
4090,8421
4091,67
4092,70
4093,2554
4094,464
4095,7836
4096,229
4097,3838
4098,2295
4099,62
4100,4692
4101,6
4102,339
4103,153
4104,1695
4105,728
4106,633
4107,466
4108,168
4109,356
4110,199
4111,220
4112,914
4113,2395
4114,436
4115,220
4116,2760
4117,802
4118,203
4119,15
4120,794
4121,728
4122,6032
4123,117
4124,505
4125,18
4126,773
4127,575
4128,995
4129,531
4130,2697
4131,1610
4132,41
4133,1452
4134,157
4135,2020
4136,69
4137,242
4138,796
4139,474
4140,217
4141,7695
4142,1080
4143,70
4144,504
4145,100
4146,700
4147,100
4148,401
4149,411
4150,64
4151,11697
4152,778
4153,766
4154,2941
4155,357
4156,36
4157,69
4158,9931
4159,15
4160,181
4161,70
4162,347
4163,49
4164,7398
4165,7473
4166,1675
4167,90
4168,386
4169,866
4170,30
4171,90
4172,65
4173,1792
4174,773
4175,7144
4176,774
4177,566
4178,49
4179,117
4180,98
4181,929
4182,4080
4183,640
4184,394
4185,2947
4186,20
4187,107
4188,320
4189,50
4190,767
4191,920
4192,1391
4193,84
4194,313
4195,451
4196,2390
4197,88
4198,60
4199,2207
4200,1133
4201,507
4202,1657
4203,7356
4204,582
4205,305
4206,94
4207,47
4208,20
4209,92
4210,878
4211,296
4212,241
4213,16
4214,475
4215,6404
4216,100
4217,236
4218,1035
4219,1782
4220,297
4221,244
4222,352
4223,1884
4224,685
4225,80
4226,2421
4227,608
4228,1110
4229,1000
4230,1685
4231,763
4232,1094
4233,255
4234,16
4235,694
4236,250
4237,923
4238,497
4239,144
4240,13028
4241,1683
4242,7660
4243,685
4244,7280
4245,367
4246,7379
4247,2309
4248,2174
4249,3896
4250,613
4251,147
4252,18
4253,320
4254,5374
4255,80
4256,520
4257,369
4258,16
4259,20
4260,236
4261,1738
4262,3205
4263,3260
4264,1490
4265,113
4266,1360
4267,719
4268,149
4269,3822
4270,8282
4271,55
4272,432
4273,3252
4274,541
4275,653
4276,4889
4277,545
4278,301
4279,763
4280,192
4281,215
4282,60
4283,29
4284,4563
4285,4965
4286,922
4287,104
4288,134
4289,11
4290,560
4291,1333
4292,100
4293,69
4294,12739
4295,431
4296,84
4297,86
4298,293
4299,3184
4300,325
4301,323
4302,10
4303,414
4304,119
4305,2057
4306,20
4307,777
4308,2553
4309,260
4310,1491
4311,2453
4312,213
4313,287
4314,10
4315,1008
4316,80
4317,126
4318,63
4319,16
4320,136
4321,55
4322,1335
4323,113
4324,690
4325,2159
4326,474
4327,15082
4328,3240
4329,142
4330,217
4331,1339
4332,12914
4333,1935
4334,2926
4335,104
4336,1515
4337,150
4338,4316
4339,3961
4340,437
4341,818
4342,652
4343,5618
4344,430
4345,8255
4346,1742
4347,105
4348,45
4349,109
4350,56
4351,143
4352,100
4353,507
4354,138
4355,1927
4356,326
4357,1911
4358,144
4359,1613
4360,3767
4361,364
4362,593
4363,212
4364,100
4365,328
4366,48512
4367,178
4368,690
4369,122
4370,504
4371,12
4372,2161
4373,396
4374,511
4375,129
4376,1623
4377,1733
4378,678
4379,87
4380,3030
4381,50
4382,6
4383,45
4384,110
4385,16
4386,880
4387,1294
4388,125
4389,5341
4390,6935
4391,26
4392,592
4393,78
4394,376
4395,763
4396,5084
4397,303
4398,124
4399,151
4400,1656
4401,1144
4402,222
4403,295
4404,174
4405,24411
4406,1429
4407,248
4408,4085
4409,2561
4410,127
4411,3271
4412,106
4413,114
4414,986
4415,1719
4416,2620
4417,79
4418,364
4419,2733
4420,3900
4421,5425
4422,1565
4423,58
4424,1691
4425,724
4426,2620
4427,162
4428,63
4429,225
4430,156
4431,11
4432,13967
4433,258
4434,1389
4435,38410
4436,16906
4437,4545
4438,540
4439,12033
4440,1136
4441,121
4442,1199
4443,2299
4444,62
4445,773
4446,27
4447,1283
4448,353
4449,1398
4450,297
4451,61
4452,164
4453,205
4454,722
4455,27
4456,1410
4457,9447
4458,2545
4459,850
4460,1046
4461,20
4462,618
4463,804
4464,170
4465,212
4466,2334
4467,163
4468,1359
4469,134
4470,785
4471,691
4472,1494
4473,2340
4474,22
4475,1071
4476,30
4477,99
4478,6767
4479,48
4480,404
4481,799
4482,501
4483,171
4484,107
4485,84
4486,295
4487,254
4488,714
4489,837
4490,2753
4491,319
4492,399
4493,978
4494,1382
4495,232
4496,137
4497,6024
4498,750
4499,122
4500,35
4501,1437
4502,4014
4503,1657
4504,366
4505,2417
4506,25985
4507,3772
4508,1662
4509,27
4510,467
4511,138
4512,476
4513,326
4514,157
4515,1232
4516,1567
4517,1959
4518,406
4519,1512
4520,15
4521,190
4522,1228
4523,10
4524,128
4525,741
4526,7511
4527,369
4528,417
4529,83
4530,814
4531,40
4532,1260
4533,365
4534,1175
4535,418
4536,302
4537,1409
4538,115
4539,36
4540,2916
4541,6880
4542,1106
4543,589
4544,664
4545,616
4546,188
4547,1250
4548,335
4549,517
4550,151
4551,434
4552,23171
4553,294
4554,639
4555,329
4556,369
4557,6221
4558,801
4559,777
4560,7365
4561,1069
4562,100
4563,1830
4564,853
4565,2860
4566,6579
4567,784
4568,548
4569,37
4570,1084
4571,251
4572,253
4573,206
4574,387
4575,56
4576,34
4577,733
4578,14454
4579,1421
4580,49
4581,819
4582,2108
4583,4581
4584,8287
4585,5963
4586,235
4587,4729
4588,1206
4589,5383
4590,28
4591,42
4592,1454
4593,10143
4594,112
4595,150
4596,242
4597,892
4598,10246
4599,202
4600,3008
4601,191
4602,4497
4603,15
4604,751
4605,584
4606,4817
4607,523
4608,3151
4609,40
4610,337
4611,177
4612,740
4613,20
4614,712
4615,1944
4616,1802
4617,1211
4618,2523
4619,96
4620,1315
4621,890
4622,65
4623,17
4624,249
4625,551
4626,3060
4627,379
4628,241
4629,166
4630,697
4631,2126
4632,2411
4633,2077
4634,185
4635,819
4636,350
4637,3130
4638,20
4639,742
4640,2725
4641,375
4642,596
4643,29
4644,563
4645,150
4646,425
4647,250
4648,139
4649,128
4650,209
4651,3520
4652,746
4653,324
4654,1957
4655,180
4656,14171
4657,190
4658,550
4659,4691
4660,428
4661,1246
4662,308
4663,1361
4664,10835
4665,54
4666,3297
4667,138
4668,1237
4669,2683
4670,609
4671,927
4672,614
4673,806
4674,1004
4675,2354
4676,13195
4677,820
4678,160
4679,306
4680,367
4681,147
4682,556
4683,523
4684,2999
4685,712
4686,2154
4687,237
4688,142
4689,329
4690,493
4691,23
4692,601
4693,78
4694,117
4695,1912
4696,27
4697,1169
4698,110
4699,12967
4700,478
4701,6349
4702,98
4703,703
4704,37
4705,544
4706,22622
4707,252
4708,805
4709,2540
4710,8868
4711,1449
4712,16
4713,6
4714,713
4715,455
4716,356
4717,174
4718,63
4719,52
4720,2650
4721,1726
4722,2650
4723,36
4724,474
4725,245
4726,4
4727,505
4728,1629
4729,1944
4730,485
4731,6016
4732,515
4733,2576
4734,3454
4735,3304
4736,2856
4737,2780
4738,2657
4739,258
4740,692
4741,584
4742,4510
4743,1480
4744,53
4745,105
4746,216
4747,31
4748,381
4749,232
4750,423
4751,147
4752,488
4753,650
4754,542
4755,5232
4756,126
4757,946
4758,1790
4759,508
4760,1459
4761,60
4762,7985
4763,2322
4764,393
4765,299
4766,196
4767,564
4768,87
4769,2086
4770,3439
4771,1219
4772,660
4773,380
4774,5187
4775,2196
4776,1559
4777,79
4778,974
4779,31
4780,18
4781,423
4782,852
4783,276
4784,147
4785,61
4786,639
4787,668
4788,1497
4789,55
4790,2693
4791,3679
4792,229
4793,824
4794,98
4795,592
4796,519
4797,167
4798,70
4799,1135
4800,258
4801,1148
4802,50
4803,216
4804,90
4805,204
4806,612
4807,1862
4808,2074
4809,330
4810,8
4811,336
4812,93
4813,2858
4814,189
4815,21824
4816,303
4817,103
4818,857
4819,222
4820,379
4821,238
4822,81
4823,711
4824,841
4825,8
4826,3326
4827,229
4828,331
4829,386
4830,262
4831,206
4832,22309
4833,626
4834,1254
4835,728
4836,846
4837,13
4838,349
4839,514
4840,1819
4841,224
4842,124
4843,1547
4844,234
4845,287
4846,1485
4847,162
4848,119
4849,1499
4850,1685
4851,1344
4852,857
4853,929
4854,476
4855,98
4856,216
4857,960
4858,2014
4859,1281
4860,60
4861,10
4862,346
4863,3250
4864,2298
4865,483
4866,5660
4867,47
4868,66
4869,548
4870,5807
4871,895
4872,21541
4873,6607
4874,47
4875,422
4876,1063
4877,2248
4878,10
4879,595
4880,3272
4881,20
4882,488
4883,3156
4884,838
4885,40
4886,1588
4887,13
4888,132
4889,518
4890,145
4891,332
4892,1717
4893,644
4894,36
4895,145
4896,518
4897,969
4898,59
4899,2064
4900,1102
4901,657
4902,1595
4903,4578
4904,182
4905,35
4906,17
4907,53
4908,2660
4909,1085
4910,36
4911,1744
4912,1142
4913,140
4914,1150
4915,645
4916,2194
4917,465
4918,409
4919,12
4920,1754
4921,435
4922,161
4923,1233
4924,100
4925,696
4926,211
4927,404
4928,2372
4929,2264
4930,62
4931,42
4932,3760
4933,405
4934,1013
4935,1643
4936,1819
4937,2405
4938,1945
4939,40
4940,212
4941,411
4942,80
4943,607
4944,377
4945,513
4946,12462
4947,33
4948,182
4949,167
4950,85
4951,2033
4952,617
4953,3449
4954,371
4955,308
4956,636
4957,546
4958,1013
4959,387
4960,236
4961,344
4962,803
4963,98
4964,983
4965,489
4966,1477
4967,2133
4968,68
4969,525
4970,1737
4971,100
4972,404
4973,484
4974,1372
4975,692
4976,14
4977,2251
4978,7572
4979,6705
4980,468
4981,2322
4982,158
4983,83
4984,25
4985,76
4986,4450
4987,58
4988,81
4989,258
4990,336
4991,617
4992,496
4993,435
4994,3342
4995,981
4996,57
4997,877
4998,13005
4999,230
5000,188
5001,1839
5002,916
5003,4796
5004,393
5005,633
5006,1910
5007,3233
5008,390
5009,545
5010,119
5011,2036
5012,384
5013,8680
5014,4480
5015,101
5016,110
5017,2425
5018,1050
5019,201
5020,7268
5021,18
5022,35
5023,63
5024,3741
5025,14
5026,69
5027,2033
5028,14194
5029,840
5030,210
5031,28
5032,3431
5033,30213
5034,3051
5035,282
5036,1879
5037,140
5038,2186
5039,1055
5040,759
5041,2346
5042,40
5043,849
5044,16
5045,1119
5046,170
5047,90
5048,172
5049,1458
5050,705
5051,105
5052,4
5053,1969
5054,169
5055,715
5056,382
5057,57434
5058,325
5059,372
5060,619
5061,450
5062,620
5063,4695
5064,128
5065,518
5066,1490
5067,1218
5068,1140
5069,592
5070,4712
5071,121
5072,300
5073,121
5074,741
5075,114
5076,74
5077,230
5078,337
5079,145
5080,124
5081,402
5082,53
5083,52
5084,994
5085,152
5086,648
5087,2153
5088,2026
5089,1270
5090,6496
5091,410
5092,15
5093,7854
5094,143
5095,20
5096,2939
5097,2130
5098,423
5099,26993
5100,13
5101,70
5102,1013
5103,2071
5104,1998
5105,151
5106,280
5107,210
5108,114
5109,6347
5110,6819
5111,553
5112,3163
5113,35
5114,7522
5115,7507
5116,160
5117,23
5118,80
5119,135
5120,89
5121,440
5122,124
5123,80
5124,2247
5125,701
5126,46
5127,764
5128,104
5129,28
5130,347
5131,414
5132,534
5133,2021
5134,1115
5135,2583
5136,212
5137,1528
5138,603
5139,1369
5140,5429
5141,126
5142,11624
5143,2121
5144,1027
5145,437
5146,7780
5147,5694
5148,192
5149,324
5150,217
5151,871
5152,496
5153,4750
5154,351
5155,55
5156,2216
5157,837
5158,285
5159,60
5160,421
5161,387
5162,988
5163,18
5164,536
5165,2806
5166,106
5167,1028
5168,236
5169,36
5170,57
5171,197
5172,2208
5173,581
5174,111
5175,768
5176,168
5177,163
5178,1784
5179,164
5180,92
5181,36
5182,3261
5183,2528
5184,1992
5185,573
5186,505
5187,70
5188,1353
5189,1247
5190,253
5191,3733
5192,1450
5193,26
5194,75
5195,1131
5196,679
5197,1587
5198,809
5199,265
5200,97
5201,374
5202,41
5203,1086
5204,1420
5205,249
5206,177
5207,6352
5208,93
5209,407
5210,374
5211,7905
5212,385
5213,1448
5214,1041
5215,124827
5216,14641
5217,3071
5218,563
5219,13581
5220,504
5221,427
5222,1341
5223,239
5224,716
5225,41
5226,959
5227,3867
5228,243
5229,798
5230,149
5231,77
5232,95
5233,1365
5234,234
5235,509
5236,62
5237,3567
5238,1707
5239,677
5240,95
5241,68
5242,34
5243,213
5244,983
5245,148
5246,1400
5247,367
5248,58
5249,77
5250,2054
5251,4623
5252,806
5253,158
5254,12333
5255,392
5256,247
5257,122
5258,526
5259,556
5260,4157
5261,952
5262,240
5263,40
5264,138
5265,364
5266,40
5267,565
5268,668
5269,1735
5270,2415
5271,1151
5272,153
5273,1438
5274,76
5275,179
5276,2569
5277,248
5278,1045
5279,37
5280,339
5281,882
5282,1033
5283,1319
5284,474
5285,1006
5286,1047
5287,31
5288,59
5289,99
5290,716
5291,87
5292,610
5293,14893
5294,117
5295,148
5296,2183
5297,3848
5298,10
5299,689
5300,107
5301,1179
5302,466
5303,1295
5304,37
5305,538
5306,183
5307,391
5308,1018
5309,298
5310,2495
5311,1038
5312,1110
5313,392
5314,20
5315,148
5316,38
5317,2522
5318,169
5319,2452
5320,439
5321,123
5322,110
5323,45
5324,541
5325,283
5326,110
5327,947
5328,185
5329,602
5330,6697
5331,5563
5332,1291
5333,144
5334,952
5335,8992
5336,228
5337,355
5338,120
5339,714
5340,1831
5341,106
5342,248
5343,455
5344,354
5345,798
5346,118
5347,670
5348,124
5349,24
5350,471
5351,122
5352,305
5353,3252
5354,1564
5355,369
5356,8000
5357,1412
5358,1031
5359,1071
5360,565
5361,49
5362,1077
5363,66
5364,30
5365,139
5366,563
5367,3648
5368,1418
5369,7
5370,719
5371,50
5372,313
5373,24
5374,53
5375,1649
5376,337
5377,836
5378,883
5379,266
5380,96
5381,6821
5382,510
5383,1751
5384,1440
5385,100
5386,18
5387,7325
5388,66
5389,523
5390,758
5391,782
5392,587
5393,173
5394,2455
5395,47
5396,3352
5397,4655
5398,1451
5399,150
5400,2681
5401,589
5402,426
5403,887
5404,98
5405,22
5406,243
5407,92
5408,295
5409,671
5410,1597
5411,6236
5412,181
5413,54
5414,2240
5415,7253
5416,472
5417,2278
5418,77
5419,684
5420,523
5421,1818
5422,58
5423,1243
5424,251
5425,47
5426,286
5427,317
5428,16713
5429,18
5430,2555
5431,484
5432,2325
5433,1133
5434,992
5435,24321
5436,7373
5437,590
5438,359
5439,1636
5440,615
5441,213
5442,218
5443,89
5444,487
5445,254
5446,79
5447,70
5448,136
5449,1251
5450,501
5451,823
5452,204
5453,952
5454,4453
5455,12405
5456,437
5457,20248
5458,89
5459,825
5460,2820
5461,40
5462,30
5463,6561
5464,10483
5465,524
5466,229
5467,40
5468,69
5469,80
5470,1783
5471,406
5472,7409
5473,5251
5474,542
5475,1878
5476,260
5477,2582
5478,886
5479,108
5480,20
5481,15
5482,433
5483,50
5484,41
5485,4179
5486,377
5487,642
5488,280
5489,289
5490,1076
5491,1068
5492,162
5493,2064
5494,694
5495,4658
5496,25
5497,79
5498,805
5499,934
5500,1428
5501,56
5502,610
5503,252
5504,507
5505,601
5506,201
5507,209
5508,15215
5509,161
5510,204
5511,10349
5512,47
5513,1605
5514,266
5515,4417
5516,3942
5517,14
5518,1131
5519,35
5520,1630
5521,694
5522,5197
5523,1414
5524,625
5525,39
5526,122
5527,2873
5528,523
5529,289
5530,427
5531,1089
5532,152
5533,1032
5534,637
5535,9453
5536,199
5537,574
5538,2380
5539,186
5540,211
5541,180
5542,110
5543,450
5544,1721
5545,81
5546,2
5547,833
5548,139
5549,161
5550,40
5551,350
5552,964
5553,2828
5554,1415
5555,1484
5556,320
5557,726
5558,297
5559,217
5560,284
5561,770
5562,177
5563,349
5564,117
5565,1782
5566,263
5567,271
5568,622
5569,286
5570,2612
5571,1883
5572,807
5573,407
5574,3661
5575,67
5576,48
5577,552
5578,3241
5579,1631
5580,2144
5581,102
5582,589
5583,9036
5584,295
5585,2077
5586,1232
5587,35
5588,58
5589,256
5590,559
5591,1903
5592,825
5593,156
5594,658
5595,730
5596,2574
5597,250
5598,79
5599,35
5600,649
5601,319
5602,1876
5603,15
5604,597
5605,56
5606,151
5607,590
5608,263
5609,1626
5610,533
5611,1042
5612,118
5613,777
5614,278
5615,1054
5616,1083
5617,99
5618,549
5619,1544
5620,2096
5621,260
5622,497
5623,311
5624,260
5625,252
5626,2869
5627,70
5628,2143
5629,896
5630,342
5631,483
5632,100
5633,20
5634,113
5635,22
5636,47372
5637,255
5638,90
5639,7534
5640,583
5641,889
5642,102
5643,4128
5644,147
5645,85
5646,7424
5647,100
5648,129
5649,324
5650,537
5651,262566
5652,120
5653,1730
5654,162
5655,720
5656,526
5657,5788
5658,1388
5659,263
5660,3309
5661,136
5662,1414
5663,2763
5664,333
5665,84
5666,1336
5667,497
5668,2760
5669,331
5670,1380
5671,4102
5672,1713
5673,1409
5674,2625
5675,6016
5676,186
5677,386
5678,196
5679,2314
5680,13095
5681,237
5682,504
5683,120
5684,193
5685,1121
5686,44
5687,48
5688,1346
5689,2709
5690,70
5691,933
5692,143
5693,235
5694,623
5695,1350
5696,303
5697,735
5698,307
5699,401338
5700,584
5701,44
5702,1718
5703,1923
5704,214
5705,1851
5706,330
5707,10
5708,200
5709,188
5710,182
5711,59
5712,1973
5713,437
5714,93
5715,828
5716,557
5717,1281
5718,188
5719,190
5720,225
5721,845
5722,20
5723,83
5724,395
5725,499
5726,105
5727,1774
5728,508
5729,725
5730,169
5731,246
5732,256
5733,144
5734,1009
5735,350
5736,444
5737,169
5738,2276
5739,2798
5740,1001
5741,405
5742,454
5743,338
5744,1188
5745,12
5746,710
5747,395
5748,118
5749,1468
5750,738
5751,1885
5752,334
5753,1738
5754,526
5755,497
5756,298
5757,183
5758,9585
5759,103
5760,129
5761,112
5762,39
5763,4651
5764,2117
5765,1328
5766,240
5767,985
5768,20
5769,258
5770,470
5771,20
5772,80
5773,16
5774,4
5775,8383
5776,324
5777,2506
5778,87
5779,1264
5780,4336
5781,179
5782,479
5783,2407
5784,3265
5785,929
5786,1253
5787,6
5788,236
5789,927
5790,638
5791,123
5792,812
5793,164
5794,2753
5795,2528
5796,479
5797,153
5798,297
5799,12041
5800,353
5801,10
5802,67
5803,42
5804,49
5805,208
5806,14
5807,1614
5808,45
5809,4771
5810,14
5811,212
5812,1026
5813,1365
5814,268
5815,145
5816,18
5817,3592
5818,997
5819,176
5820,783
5821,444
5822,1442
5823,3116
5824,50
5825,426
5826,669
5827,1604
5828,4577
5829,973
5830,46386
5831,128
5832,495
5833,3353
5834,795
5835,737
5836,1719
5837,50
5838,261
5839,879
5840,1372
5841,1391
5842,324
5843,135
5844,298
5845,1252
5846,306
5847,328
5848,8568
5849,42
5850,498
5851,110
5852,336
5853,56
5854,930
5855,1398
5856,608
5857,449
5858,55
5859,15335
5860,14193
5861,100
5862,22
5863,401
5864,473
5865,936
5866,20
5867,5849
5868,251
5869,1170
5870,101
5871,8738
5872,174
5873,885
5874,46
5875,22
5876,10
5877,3717
5878,12
5879,378
5880,1406
5881,1540
5882,1271
5883,190
5884,397
5885,885
5886,816
5887,3186
5888,1217
5889,141
5890,269
5891,1304
5892,378
5893,606
5894,63
5895,26
5896,20
5897,2074
5898,110
5899,1176
5900,892
5901,400
5902,14
5903,262
5904,1618
5905,346
5906,520
5907,365
5908,3754
5909,791
5910,272
5911,527
5912,185
5913,2294
5914,221
5915,8
5916,606
5917,273
5918,199
5919,62
5920,1913
5921,5714
5922,989
5923,391
5924,112
5925,391
5926,545
5927,8833
5928,1257
5929,519
5930,1288
5931,2498
5932,110
5933,615
5934,162
5935,976
5936,368
5937,184
5938,275
5939,1568
5940,127
5941,776
5942,836
5943,32
5944,384
5945,3096
5946,217
5947,73
5948,1603
5949,250
5950,284
5951,62
5952,818
5953,260
5954,217
5955,1125
5956,391
5957,519
5958,1383
5959,8928
5960,2233
5961,160
5962,810
5963,272
5964,1386
5965,1879
5966,595
5967,15
5968,57
5969,3508
5970,11921
5971,1097
5972,3360
5973,238
5974,11520
5975,967
5976,1146
5977,40
5978,82
5979,734
5980,28
5981,5
5982,330
5983,181
5984,28090
5985,3742
5986,85
5987,120
5988,514
5989,2803
5990,193
5991,5703
5992,1568
5993,401
5994,93
5995,522
5996,272
5997,96
5998,3084
5999,758
6000,3978
6001,240
6002,639
6003,1704
6004,513
6005,260
6006,272
6007,48
6008,400
6009,130
6010,440
6011,114
6012,1928
6013,922
6014,1442
6015,5106
6016,18
6017,20
6018,10060
6019,297
6020,2246
6021,8
6022,170
6023,717
6024,3359
6025,775
6026,6599
6027,20
6028,18
6029,3076
6030,6053
6031,133
6032,716
6033,305
6034,40
6035,962
6036,150
6037,60
6038,244
6039,4105
6040,234
6041,1900
6042,548
6043,220
6044,406
6045,3057
6046,1560
6047,4800
6048,303
6049,2087
6050,114
6051,3608
6052,1388
6053,57
6054,73
6055,10406
6056,186
6057,70
6058,5410
6059,444
6060,361
6061,106
6062,656
6063,50
6064,274
6065,19
6066,864
6067,284
6068,126
6069,1706
6070,37
6071,1222
6072,1561
6073,289
6074,1019
6075,2747
6076,907
6077,5845
6078,1506
6079,3577
6080,216
6081,222
6082,40
6083,1365
6084,5131
6085,109
6086,2372
6087,10
6088,5950
6089,54
6090,3546
6091,1098
6092,1987
6093,91
6094,514
6095,1318
6096,1053
6097,216
6098,250
6099,1674
6100,51
6101,4079
6102,21
6103,6423
6104,676
6105,100
6106,557
6107,4480
6108,312
6109,52
6110,654
6111,448
6112,977
6113,75
6114,6367
6115,479
6116,3119
6117,1908
6118,484
6119,158
6120,8521
6121,16342
6122,357
6123,22
6124,63
6125,416
6126,1634
6127,116
6128,1578
6129,112
6130,428
6131,6
6132,126
6133,2322
6134,1320
6135,6170
6136,305
6137,3270
6138,1417
6139,615
6140,67
6141,208
6142,421
6143,218
6144,120
6145,364
6146,2073
6147,1731
6148,369
6149,224
6150,1477
6151,1805
6152,71
6153,1503
6154,2214
6155,4779
6156,374
6157,146
6158,1243
6159,40
6160,374
6161,1143
6162,53
6163,146
6164,225
6165,553
6166,447
6167,18
6168,371
6169,131
6170,321
6171,2451
6172,878
6173,28
6174,366
6175,1739
6176,48
6177,577
6178,4591
6179,1437
6180,198
6181,326
6182,241
6183,343
6184,80
6185,275
6186,32
6187,26
6188,518
6189,87
6190,86
6191,246
6192,493
6193,34
6194,72
6195,322
6196,465
6197,152
6198,61
6199,120
6200,888
6201,163
6202,1793
6203,421
6204,100
6205,200
6206,160
6207,5016
6208,80
6209,189
6210,157
6211,1557
6212,4671
6213,927
6214,161
6215,344
6216,1196
6217,156
6218,20
6219,720
6220,1349
6221,331
6222,19
6223,49
6224,712
6225,4347
6226,1197
6227,594
6228,607
6229,247
6230,398
6231,636
6232,150
6233,882
6234,3835
6235,2055
6236,93
6237,130
6238,962
6239,2215
6240,1161
6241,252
6242,870
6243,2724
6244,214
6245,296
6246,1130
6247,449
6248,1373
6249,300
6250,64
6251,215
6252,260
6253,401
6254,552
6255,1638
6256,885
6257,165
6258,463
6259,922
6260,220
6261,8297
6262,415
6263,838
6264,10330
6265,68
6266,204
6267,1447
6268,27
6269,6895
6270,1069
6271,981
6272,533
6273,40
6274,1100
6275,147
6276,105
6277,98
6278,233
6279,605
6280,165
6281,1338
6282,2372
6283,2920
6284,5824
6285,380
6286,316
6287,637
6288,129
6289,840
6290,2350
6291,3894
6292,108
6293,398
6294,149
6295,8760
6296,140
6297,516
6298,769
6299,3765
6300,814
6301,3401
6302,124
6303,5930
6304,518
6305,354
6306,27
6307,189
6308,1758
6309,1294
6310,160
6311,831
6312,1975
6313,664
6314,24
6315,2589
6316,4968
6317,61
6318,493
6319,500
6320,855
6321,68
6322,1001
6323,12
6324,2043
6325,1007
6326,367
6327,634
6328,50
6329,1523
6330,27554
6331,21647
6332,8029
6333,20
6334,12858
6335,709
6336,1469
6337,2229
6338,7034
6339,3631
6340,1223
6341,74
6342,95
6343,2076
6344,2853
6345,500
6346,2712
6347,503
6348,1072
6349,8867
6350,190
6351,33
6352,277
6353,2774
6354,143
6355,386
6356,406
6357,177
6358,70
6359,347
6360,40
6361,356
6362,1153
6363,4620
6364,48
6365,1239
6366,547
6367,1638
6368,64
6369,4883
6370,44
6371,132
6372,86
6373,194
6374,489
6375,193
6376,1877
6377,1626
6378,70
6379,676
6380,21
6381,576
6382,374
6383,889
6384,2715
6385,18
6386,423
6387,1488
6388,4431
6389,1017
6390,1980
6391,4405
6392,35
6393,118
6394,71
6395,645
6396,923
6397,697
6398,3560
6399,1445
6400,294
6401,68
6402,5314
6403,400
6404,1061
6405,72
6406,75
6407,1204
6408,24
6409,442
6410,501
6411,10
6412,877
6413,635
6414,411
6415,405
6416,50
6417,657
6418,22
6419,40
6420,18
6421,2283
6422,1895
6423,328
6424,1043
6425,3692
6426,215
6427,331
6428,1401
6429,163
6430,201
6431,4448
6432,7728
6433,375
6434,82
6435,7435
6436,180
6437,1013
6438,146
6439,118
6440,585
6441,121
6442,1348
6443,288
6444,524
6445,761
6446,2706
6447,1123
6448,502
6449,42
6450,542
6451,81
6452,355
6453,1291
6454,1254
6455,105
6456,660
6457,855
6458,1150
6459,538
6460,80
6461,2399
6462,6558
6463,566
6464,200
6465,1562
6466,488
6467,1527
6468,11740
6469,868
6470,5699
6471,57
6472,424
6473,27
6474,128
6475,227
6476,722
6477,462
6478,218
6479,37
6480,480
6481,745
6482,234
6483,480
6484,486
6485,389
6486,759
6487,144
6488,4496
6489,257
6490,254
6491,21
6492,1220
6493,56
6494,646
6495,683
6496,3191
6497,268
6498,625
6499,64
6500,249
6501,362
6502,3097
6503,113
6504,232
6505,177
6506,112
6507,567
6508,415
6509,603
6510,42
6511,5260
6512,990
6513,5907
6514,88
6515,77
6516,2459
6517,6748
6518,234
6519,352
6520,1019
6521,1689
6522,31
6523,61
6524,44
6525,1604
6526,376
6527,379
6528,1273
6529,1271
6530,958
6531,2002
6532,1546
6533,1477
6534,7513
6535,154
6536,2638
6537,1966
6538,32
6539,987
6540,315
6541,971
6542,795
6543,68
6544,5540
6545,1475
6546,30
6547,185
6548,74
6549,1823
6550,5849
6551,1466
6552,492
6553,562
6554,363
6555,951
6556,819
6557,1170
6558,1493
6559,139
6560,159
6561,37
6562,58
6563,570
6564,739
6565,420
6566,128
6567,420
6568,450
6569,5
6570,86
6571,20
6572,720
6573,1296
6574,7858
6575,278
6576,47
6577,179
6578,658
6579,6573
6580,827
6581,614
6582,379
6583,35
6584,1615
6585,2979
6586,261
6587,43
6588,184
6589,215
6590,534
6591,1013
6592,36265
6593,1066
6594,135
6595,2804
6596,1206
6597,1030
6598,605
6599,46
6600,45
6601,408
6602,1721
6603,260
6604,3251
6605,1647
6606,738
6607,57
6608,179
6609,89
6610,595
6611,60
6612,1194
6613,2992
6614,8994
6615,1814
6616,511
6617,1484
6618,1165
6619,763
6620,221
6621,194
6622,880
6623,2692
6624,1358
6625,2234
6626,625
6627,579
6628,640
6629,199
6630,1103
6631,250
6632,364
6633,288
6634,242
6635,424
6636,339
6637,209
6638,1897
6639,619
6640,723
6641,392
6642,41
6643,792
6644,19056
6645,518
6646,3845
6647,372
6648,4639
6649,222
6650,995
6651,50173
6652,1339
6653,1041
6654,149
6655,938
6656,200
6657,429
6658,764
6659,40
6660,1830
6661,4370
6662,40
6663,2774
6664,571
6665,47
6666,2955
6667,260
6668,690
6669,2372
6670,594
6671,73
6672,90
6673,480
6674,78
6675,635
6676,3308
6677,8778
6678,228
6679,26
6680,3860
6681,1761
6682,921
6683,148
6684,669
6685,593
6686,57
6687,22383
6688,240
6689,11124
6690,222
6691,299
6692,58
6693,130
6694,10144
6695,963
6696,234
6697,389
6698,294
6699,420
6700,2035
6701,6976
6702,1150
6703,1322
6704,5901
6705,1108
6706,359
6707,8784
6708,140
6709,576
6710,2371
6711,149
6712,18
6713,459
6714,151
6715,14883
6716,55
6717,3832
6718,167
6719,27
6720,51
6721,376
6722,125
6723,712
6724,2578
6725,1313
6726,1062
6727,18
6728,1106
6729,9932
6730,41
6731,755
6732,788
6733,896
6734,2428
6735,109
6736,210
6737,406
6738,8
6739,249
6740,1713
6741,3141
6742,143
6743,570
6744,14
6745,16
6746,9466
6747,689
6748,9427
6749,2336
6750,266
6751,411
6752,2299
6753,1782
6754,283
6755,647
6756,312
6757,318
6758,793
6759,769
6760,419
6761,1702
6762,6344
6763,1457
6764,18
6765,282
6766,50
6767,239
6768,908
6769,1158
6770,110
6771,150
6772,136
6773,133
6774,30677
6775,2032
6776,1447
6777,1891
6778,300
6779,53
6780,1328
6781,3076
6782,1540
6783,742
6784,3237
6785,6
6786,708
6787,158
6788,217
6789,360
6790,276
6791,314
6792,266
6793,940
6794,64
6795,5116
6796,253
6797,752
6798,806
6799,159
6800,3710
6801,7120
6802,414
6803,1566
6804,999
6805,37
6806,357
6807,624
6808,17146
6809,453
6810,330
6811,99
6812,119
6813,9
6814,194
6815,263
6816,437
6817,7426
6818,1290
6819,104
6820,12394
6821,476
6822,290
6823,82
6824,177
6825,2790
6826,1356
6827,1947
6828,1133
6829,1633
6830,80
6831,780
6832,219
6833,29
6834,19496
6835,261
6836,518
6837,155
6838,364
6839,3424
6840,953
6841,134
6842,6227
6843,2806
6844,37920
6845,727
6846,82
6847,273
6848,4124
6849,329
6850,2343
6851,307
6852,10281
6853,373
6854,456
6855,49
6856,242
6857,1657
6858,280
6859,1255
6860,100
6861,36
6862,26
6863,200
6864,563
6865,1355
6866,86
6867,1633
6868,16625
6869,198
6870,728
6871,1572
6872,82
6873,1067
6874,26
6875,254
6876,524
6877,320
6878,635
6879,123
6880,615
6881,6074
6882,5636
6883,3273
6884,20
6885,1001
6886,2654
6887,93
6888,1802
6889,201
6890,59
6891,115
6892,675
6893,139
6894,72
6895,297
6896,309
6897,2942
6898,588
6899,87
6900,304
6901,661
6902,148
6903,1951
6904,5201
6905,126
6906,240
6907,225
6908,208
6909,591
6910,34
6911,252
6912,899
6913,1278
6914,7174
6915,461
6916,55
6917,63
6918,410
6919,2550
6920,753
6921,36
6922,271
6923,4922
6924,52
6925,759
6926,1294
6927,3637
6928,18
6929,340
6930,1665
6931,996
6932,2460
6933,5289
6934,331
6935,269
6936,34
6937,35
6938,2702
6939,210
6940,910
6941,10
6942,955
6943,1196
6944,346
6945,1275
6946,1456
6947,218
6948,264
6949,2975
6950,259
6951,876
6952,37
6953,8110
6954,562
6955,272
6956,1100
6957,99
6958,154
6959,7108
6960,41
6961,459
6962,1110
6963,589
6964,252
6965,336
6966,135
6967,1255
6968,672
6969,467
6970,69
6971,2456
6972,750
6973,5284
6974,116
6975,196
6976,7874
6977,464
6978,1064
6979,121
6980,508
6981,806
6982,123
6983,881
6984,385
6985,169
6986,863
6987,218
6988,1326
6989,996
6990,7433
6991,782
6992,1187
6993,11667
6994,1120
6995,204
6996,1152
6997,298
6998,7980
6999,1487
7000,691
7001,255
7002,7511
7003,842
7004,192
7005,2818
7006,649
7007,349
7008,1358
7009,669
7010,6
7011,126
7012,79
7013,1033
7014,40
7015,4603
7016,4177
7017,300
7018,446
7019,187
7020,3637
7021,5346
7022,178
7023,1787
7024,322
7025,25
7026,161737
7027,231
7028,47
7029,166
7030,179
7031,348
7032,1688
7033,7222
7034,2051
7035,52
7036,76
7037,14
7038,1243
7039,2376
7040,2315
7041,105
7042,352
7043,1463
7044,1233
7045,191
7046,130
7047,385
7048,578
7049,456
7050,104
7051,482
7052,2338
7053,3242
7054,4902
7055,1583
7056,1847
7057,21
7058,18820
7059,5419
7060,44
7061,647
7062,3757
7063,481
7064,1308
7065,32983
7066,446
7067,2929
7068,201
7069,1050
7070,630
7071,87
7072,2907
7073,1230
7074,15
7075,1253
7076,80
7077,871
7078,539
7079,313
7080,256
7081,526
7082,364
7083,352
7084,1217
7085,248
7086,1344
7087,1163
7088,735
7089,6110
7090,15
7091,83
7092,964
7093,1940
7094,28
7095,1219
7096,70
7097,926
7098,3963
7099,4728
7100,306
7101,5482
7102,5743
7103,104
7104,661
7105,2980
7106,485
7107,1862
7108,268
7109,83
7110,513
7111,5242
7112,41
7113,1643
7114,847
7115,96
7116,15
7117,75
7118,1305
7119,22
7120,7081
7121,1559
7122,1085
7123,8227
7124,276
7125,454
7126,1361
7127,219
7128,154
7129,951
7130,691
7131,25375
7132,2192
7133,234
7134,950
7135,399
7136,116
7137,329
7138,28
7139,680
7140,168
7141,999
7142,20
7143,16
7144,102
7145,15
7146,37
7147,22
7148,1646
7149,143
7150,1076
7151,68
7152,320
7153,146
7154,117
7155,1001
7156,24
7157,530
7158,799
7159,303
7160,1401
7161,15
7162,130
7163,866
7164,359
7165,225
7166,520
7167,171
7168,27
7169,179
7170,58
7171,2937
7172,6469
7173,440
7174,1075
7175,969
7176,2649
7177,20
7178,428
7179,40
7180,1931
7181,275
7182,3855
7183,1286
7184,1007
7185,452
7186,1196
7187,5069
7188,127
7189,2983
7190,500
7191,483
7192,860
7193,476
7194,2751
7195,172
7196,175
7197,265
7198,28
7199,1198
7200,86
7201,18
7202,77
7203,3339
7204,25
7205,1018
7206,1246
7207,1029
7208,427
7209,659
7210,2707
7211,976
7212,716
7213,237
7214,250
7215,1940
7216,29
7217,168
7218,1168
7219,1724
7220,304
7221,26
7222,4965
7223,3114
7224,268
7225,202
7226,60
7227,1997
7228,2872
7229,1411
7230,1739
7231,462
7232,489
7233,282
7234,175
7235,149
7236,1148
7237,154
7238,118
7239,76183
7240,7096
7241,3045
7242,558
7243,1573
7244,164
7245,3100
7246,3806
7247,1802
7248,13663
7249,113
7250,5094
7251,250
7252,596
7253,3849
7254,20
7255,250
7256,338
7257,1622
7258,1300
7259,2423
7260,53
7261,386
7262,725
7263,110
7264,1217
7265,1164
7266,269
7267,81
7268,3202
7269,656
7270,40511
7271,672
7272,622
7273,2356
7274,18
7275,201
7276,1285
7277,155
7278,453
7279,435
7280,1715
7281,431
7282,40
7283,27
7284,980
7285,3718
7286,28
7287,1181
7288,530
7289,95
7290,5740
7291,5014
7292,191
7293,1180
7294,80
7295,2875
7296,1112
7297,14916
7298,62
7299,222
7300,6242
7301,296
7302,8287
7303,73
7304,80
7305,124
7306,4551
7307,459
7308,944
7309,7646
7310,4941
7311,391
7312,11473
7313,71
7314,160
7315,389
7316,2021
7317,1012
7318,250
7319,9572
7320,953
7321,201
7322,3565
7323,316
7324,15
7325,1806
7326,381
7327,12
7328,2011
7329,5454
7330,2498
7331,3581
7332,433
7333,213
7334,1299
7335,94
7336,5910
7337,59
7338,4914
7339,1492
7340,150
7341,180
7342,18
7343,504
7344,732
7345,111
7346,16
7347,3516
7348,255
7349,297
7350,1223
7351,1270
7352,61
7353,236
7354,100
7355,148
7356,11655
7357,115
7358,477
7359,195
7360,612
7361,101
7362,26
7363,83
7364,19812
7365,10118
7366,728
7367,922
7368,647
7369,16105
7370,993
7371,471
7372,9322
7373,237
7374,145
7375,306
7376,126
7377,75
7378,279
7379,370
7380,8518
7381,57
7382,199
7383,1369
7384,624
7385,5707
7386,4258
7387,433
7388,2316
7389,1237
7390,11847
7391,16221
7392,2226
7393,47825
7394,1824
7395,1677
7396,243
7397,1406
7398,405
7399,1115
7400,18
7401,273
7402,52
7403,3418
7404,311
7405,276
7406,370
7407,297
7408,833
7409,827
7410,1434
7411,23
7412,4340
7413,15
7414,204
7415,1968
7416,92
7417,419
7418,809
7419,63
7420,767
7421,535
7422,2254
7423,827
7424,113
7425,450
7426,1010
7427,199
7428,191
7429,1039
7430,2515
7431,345
7432,687
7433,917
7434,641
7435,497
7436,1917
7437,584
7438,493
7439,1988
7440,2555
7441,48
7442,280
7443,964
7444,748
7445,1297
7446,14
7447,1452
7448,259
7449,1676
7450,2072
7451,275
7452,196
7453,402
7454,804
7455,3240
7456,6425
7457,2660
7458,181
7459,717
7460,1025
7461,317
7462,1298
7463,183
7464,1604
7465,689
7466,328
7467,251
7468,4225
7469,1240
7470,2286
7471,366
7472,9
7473,65
7474,428
7475,163
7476,40
7477,149
7478,572
7479,511
7480,40
7481,119
7482,27
7483,225
7484,2779
7485,14
7486,598
7487,1605
7488,2647
7489,192
7490,1699
7491,69
7492,90
7493,15483
7494,1908
7495,697
7496,1759
7497,504
7498,1080
7499,2303
7500,25
7501,1133
7502,451
7503,3276
7504,459
7505,88943
7506,298
7507,1604
7508,3791
7509,3198
7510,15
7511,1229
7512,168
7513,55
7514,1142
7515,443
7516,363
7517,352
7518,59307
7519,724
7520,101
7521,815
7522,115
7523,928
7524,823
7525,1655
7526,274
7527,4188
7528,3685
7529,46
7530,552
7531,222
7532,2934
7533,186
7534,20
7535,840
7536,238
7537,35
7538,250
7539,101
7540,5471
7541,382
7542,544
7543,75
7544,1386
7545,76
7546,495
7547,163
7548,471
7549,4876
7550,25
7551,1056
7552,1801
7553,234
7554,1949
7555,230
7556,856
7557,9
7558,720
7559,968
7560,76
7561,1084
7562,100
7563,2573
7564,600
7565,163
7566,3019
7567,37
7568,181
7569,8734
7570,1819
7571,71
7572,16
7573,51
7574,129
7575,3991
7576,368
7577,82
7578,1502
7579,33
7580,231
7581,446
7582,15491
7583,530
7584,224
7585,80
7586,6485
7587,174
7588,212
7589,2031
7590,20958
7591,1763
7592,913
7593,284
7594,120538
7595,140
7596,1159
7597,176
7598,691
7599,3917
7600,44
7601,47
7602,57
7603,1234
7604,4354
7605,380
7606,2284
7607,1260
7608,486
7609,5800
7610,1462
7611,2719
7612,48
7613,39
7614,373
7615,79
7616,5
7617,297
7618,1603
7619,58
7620,440
7621,394
7622,9459
7623,18
7624,158
7625,125
7626,724
7627,760
7628,10
7629,624
7630,1793
7631,756
7632,17
7633,47
7634,2948
7635,673
7636,905
7637,1017
7638,79
7639,263
7640,605
7641,334
7642,706
7643,282
7644,1342
7645,3116
7646,12
7647,3691
7648,280
7649,230
7650,90
7651,566
7652,3020
7653,13601
7654,412
7655,1706
7656,135
7657,42477
7658,293
7659,75
7660,310
7661,18
7662,1822
7663,767
7664,545
7665,8
7666,158
7667,635
7668,217
7669,126
7670,5095
7671,109
7672,2913
7673,1890
7674,2936
7675,563
7676,136
7677,2085
7678,171
7679,42
7680,245
7681,247
7682,6
7683,12143
7684,405
7685,276
7686,309
7687,416
7688,68
7689,238
7690,658
7691,5655
7692,322
7693,33977
7694,199
7695,1113
7696,1577
7697,773
7698,80
7699,540
7700,1867
7701,493
7702,1387
7703,1963
7704,443
7705,11257
7706,18
7707,1367
7708,1449
7709,326
7710,179
7711,683
7712,1823
7713,6
7714,153
7715,113
7716,201
7717,75
7718,616
7719,1286
7720,835
7721,182
7722,10689
7723,246
7724,82
7725,1288
7726,1142
7727,447
7728,23
7729,458
7730,1094
7731,1029
7732,20
7733,1159
7734,136
7735,1187
7736,585
7737,746
7738,130
7739,189
7740,10267
7741,90
7742,625
7743,16237
7744,683
7745,2767
7746,1800
7747,2161
7748,376
7749,90
7750,272
7751,54
7752,876
7753,400
7754,19230
7755,376
7756,272
7757,90
7758,1718
7759,229
7760,9
7761,3311
7762,571
7763,5762
7764,448
7765,270
7766,320
7767,708
7768,986
7769,529
7770,227
7771,4168
7772,944
7773,1286
7774,5786
7775,209
7776,310
7777,196
7778,431
7779,194
7780,536
7781,32
7782,17
7783,1189
7784,168
7785,1613
7786,52
7787,105
7788,389
7789,67
7790,674
7791,30
7792,1108
7793,2822
7794,219
7795,80
7796,2495
7797,57
7798,161
7799,60
7800,1760
7801,401
7802,1248
7803,579
7804,618
7805,487
7806,98
7807,1663
7808,484
7809,1278
7810,441
7811,180
7812,1648
7813,27507
7814,580
7815,154
7816,676
7817,306
7818,9477
7819,72
7820,3382
7821,2337
7822,20
7823,248
7824,1647
7825,1482
7826,5862
7827,1482
7828,23
7829,1062
7830,2615
7831,2688
7832,11362
7833,2373
7834,1172
7835,6224
7836,3492
7837,104
7838,728
7839,2792
7840,211
7841,25
7842,178
7843,285
7844,524
7845,4584
7846,355
7847,430
7848,87855
7849,185
7850,15350
7851,1314
7852,220
7853,260
7854,38
7855,1117
7856,692
7857,791
7858,1748
7859,1530
7860,1167
7861,406
7862,2850
7863,12264
7864,710
7865,203
7866,65
7867,488
7868,640
7869,35
7870,49
7871,1490
7872,964
7873,50
7874,296
7875,3075
7876,410
7877,25
7878,858
7879,774
7880,139
7881,1004
7882,1032
7883,937
7884,1317
7885,200
7886,1510
7887,2436
7888,677
7889,20
7890,364
7891,2630
7892,1084
7893,1777
7894,678
7895,1572
7896,385
7897,211
7898,212
7899,7089
7900,127
7901,84
7902,24586
7903,416
7904,734
7905,12
7906,914
7907,4092
7908,63
7909,1044
7910,79
7911,46
7912,1199
7913,2322
7914,1210
7915,1514
7916,375
7917,714
7918,1065
7919,62
7920,424
7921,449
7922,648
7923,211
7924,615
7925,109
7926,282
7927,675
7928,47
7929,633
7930,304
7931,6063
7932,24967
7933,413
7934,36
7935,8110
7936,61
7937,272
7938,365
7939,3692
7940,494
7941,337
7942,633
7943,85
7944,48
7945,3075
7946,343
7947,42
7948,133
7949,253
7950,799
7951,25
7952,524
7953,4249
7954,219
7955,227
7956,80
7957,195
7958,40
7959,14
7960,4481
7961,541
7962,5715
7963,13
7964,15
7965,16
7966,243
7967,155
7968,13
7969,27
7970,885
7971,1045
7972,2140
7973,119
7974,3108
7975,204
7976,1220
7977,753
7978,269
7979,384
7980,20
7981,138
7982,20
7983,687
7984,336
7985,952
7986,70
7987,144
7988,2102
7989,3242
7990,1599
7991,2568
7992,21
7993,239
7994,292
7995,1056
7996,36
7997,152
7998,2513
7999,33923
8000,913
8001,230
8002,198
8003,1426
8004,143
8005,101
8006,2157
8007,181
8008,28292
8009,12607
8010,3707
8011,2464
8012,185
8013,140
8014,1698
8015,850
8016,268
8017,242
8018,234
8019,1176
8020,480
8021,59682
8022,1346
8023,509
8024,31
8025,537
8026,18
8027,9598
8028,315
8029,7
8030,96
8031,94
8032,300
8033,125
8034,78533
8035,1320
8036,15
8037,147
8038,285
8039,1947
8040,2170
8041,400
8042,600
8043,1998
8044,587
8045,2848
8046,479
8047,2330
8048,171
8049,702
8050,941
8051,684
8052,216
8053,304
8054,2051
8055,1444
8056,23
8057,16
8058,112
8059,1827
8060,1165
8061,420
8062,3189
8063,18
8064,1754
8065,10
8066,1562
8067,18
8068,1101
8069,695
8070,1723
8071,663
8072,536
8073,503
8074,46
8075,237
8076,226
8077,257
8078,289
8079,913
8080,657
8081,962
8082,309
8083,518
8084,2583
8085,658
8086,657
8087,6323
8088,3180
8089,18
8090,10946
8091,574
8092,3483
8093,180
8094,12872
8095,355
8096,116
8097,259
8098,911
8099,676
8100,1757
8101,154
8102,13665
8103,2182
8104,927
8105,297
8106,584
8107,490
8108,18
8109,2087
8110,11435
8111,1672
8112,581
8113,494
8114,757
8115,2110
8116,1736
8117,258
8118,1246
8119,4175
8120,671
8121,61
8122,322
8123,4339
8124,389
8125,256
8126,5497
8127,11717
8128,3340
8129,320
8130,11849
8131,148
8132,200
8133,22
8134,1168
8135,204
8136,9252
8137,551
8138,62
8139,416
8140,445
8141,1152
8142,27
8143,737
8144,981
8145,162
8146,425
8147,3490
8148,360
8149,820
8150,393
8151,1235
8152,1851
8153,89
8154,209
8155,1886
8156,509
8157,26
8158,330
8159,976
8160,271
8161,279
8162,1759
8163,607
8164,414
8165,670
8166,516
8167,2153
8168,1938
8169,2484
8170,939
8171,40
8172,39
8173,4483
8174,1858
8175,139
8176,9419
8177,90
8178,1450
8179,606
8180,239
8181,60
8182,145
8183,117
8184,64
8185,241
8186,3143
8187,26
8188,828
8189,589
8190,615
8191,290
8192,491
8193,294
8194,3563
8195,549
8196,13
8197,344
8198,222
8199,1448
8200,1564
8201,26
8202,150
8203,1167
8204,287
8205,87
8206,314
8207,178
8208,761
8209,570
8210,90
8211,956
8212,199
8213,1492
8214,1009
8215,2330
8216,1177
8217,659
8218,49
8219,4345
8220,753
8221,178
8222,781
8223,136
8224,138
8225,319
8226,202
8227,1043
8228,1565
8229,1101
8230,134
8231,57
8232,117
8233,2049
8234,3555
8235,1402
8236,1377
8237,1406
8238,65
8239,205
8240,135
8241,399
8242,718
8243,5129
8244,2432
8245,337
8246,734
8247,385
8248,96
8249,1537
8250,241
8251,6458
8252,1193
8253,774
8254,149
8255,509
8256,282
8257,84
8258,899
8259,413
8260,341
8261,3755
8262,69
8263,762
8264,33
8265,26
8266,198
8267,20
8268,657
8269,1285
8270,66
8271,2889
8272,260
8273,5592
8274,3104
8275,25
8276,1698
8277,314
8278,59
8279,69
8280,11
8281,4898
8282,2157
8283,116
8284,1864
8285,98
8286,2344
8287,63
8288,35
8289,266
8290,1312
8291,998
8292,55
8293,1473
8294,3078
8295,222
8296,60
8297,1803
8298,56
8299,436
8300,445
8301,1821
8302,4480
8303,40
8304,865
8305,130
8306,156
8307,1647
8308,11
8309,8451
8310,16
8311,878
8312,1717
8313,246
8314,308
8315,10
8316,78
8317,2285
8318,138
8319,312
8320,40
8321,1076
8322,26
8323,154
8324,18
8325,1057
8326,3210
8327,209
8328,2379
8329,259
8330,5467
8331,849
8332,1090
8333,349
8334,14
8335,135
8336,67
8337,180
8338,389
8339,64
8340,1351
8341,17
8342,2347
8343,583
8344,934
8345,775
8346,3
8347,36
8348,1114
8349,221
8350,15817
8351,3395
8352,1972
8353,128
8354,1125
8355,258
8356,223
8357,668
8358,210
8359,4501
8360,95
8361,239
8362,103
8363,3005
8364,49
8365,207
8366,224
8367,528
8368,14
8369,100
8370,1226
8371,30
8372,383
8373,1108
8374,38
8375,50
8376,504
8377,1171
8378,18
8379,288
8380,1324
8381,26
8382,328
8383,2279
8384,1203
8385,661
8386,2455
8387,121
8388,465
8389,193
8390,251
8391,81
8392,11015
8393,1410
8394,596
8395,73
8396,1948
8397,14
8398,68
8399,3439
8400,301
8401,16
8402,2504
8403,315
8404,432
8405,5940
8406,21728
8407,274
8408,13
8409,238
8410,1031
8411,226
8412,191
8413,891
8414,5092
8415,250
8416,29
8417,5617
8418,396
8419,762
8420,32
8421,497
8422,1203
8423,2103
8424,444
8425,1139
8426,518
8427,589
8428,1980
8429,1410
8430,1045
8431,637
8432,202
8433,37
8434,884
8435,292
8436,392
8437,10
8438,575
8439,1650
8440,105
8441,1962
8442,2883
8443,3545
8444,26359
8445,16701
8446,1142
8447,53
8448,57
8449,282
8450,6346
8451,310
8452,278
8453,3456
8454,1126
8455,119
8456,995
8457,187
8458,2582
8459,719
8460,250
8461,18
8462,52
8463,173
8464,6527
8465,105
8466,115
8467,1454
8468,934
8469,350
8470,2821
8471,1143
8472,1349
8473,212
8474,6718
8475,479
8476,3290
8477,5197
8478,4791
8479,18
8480,813
8481,436
8482,163
8483,359
8484,123
8485,93
8486,84
8487,1230
8488,950
8489,99
8490,15
8491,146
8492,8050
8493,4823
8494,29267
8495,133
8496,361
8497,132
8498,1285
8499,219
8500,3525
8501,97
8502,129
8503,798
8504,50
8505,618
8506,32
8507,550
8508,203
8509,1847
8510,5660
8511,742
8512,204
8513,97
8514,110
8515,790
8516,314
8517,5277
8518,573
8519,27
8520,259
8521,113
8522,94
8523,1747
8524,1877
8525,18
8526,553
8527,140
8528,170
8529,1645
8530,510
8531,234
8532,375
8533,178
8534,1376
8535,95
8536,1115
8537,451
8538,238
8539,399
8540,866
8541,727
8542,1267
8543,214
8544,690
8545,1348
8546,1519
8547,2411
8548,68
8549,190
8550,8419
8551,158
8552,1249
8553,130
8554,453
8555,600
8556,3829
8557,2505
8558,102
8559,83
8560,1415
8561,1364
8562,1652
8563,207
8564,36375
8565,68
8566,5513
8567,658
8568,500
8569,15443
8570,47
8571,14
8572,467
8573,2141
8574,33245
8575,42
8576,7212
8577,1050
8578,1117
8579,117
8580,116
8581,1186
8582,1683
8583,109
8584,205
8585,94
8586,120
8587,1129
8588,775
8589,376
8590,13577
8591,6403
8592,40
8593,1365
8594,60
8595,3215
8596,3719
8597,1506
8598,1730
8599,607
8600,7501
8601,947
8602,13
8603,106
8604,355
8605,93
8606,120
8607,1439
8608,4574
8609,7328
8610,10
8611,1071
8612,749
8613,103
8614,49
8615,1427
8616,12
8617,2692
8618,2004
8619,1947
8620,7637
8621,1959
8622,1175
8623,1687
8624,210
8625,494
8626,906
8627,942
8628,646
8629,57
8630,8074
8631,145
8632,32
8633,2358
8634,360
8635,465
8636,37
8637,1094
8638,74
8639,176
8640,657
8641,55
8642,460
8643,11466
8644,509
8645,337
8646,24
8647,923
8648,522
8649,389
8650,907
8651,172
8652,460
8653,980
8654,271
8655,2622
8656,434
8657,117
8658,349
8659,1290
8660,322
8661,2369
8662,228
8663,284
8664,418
8665,324
8666,1945
8667,253
8668,38
8669,6308
8670,201
8671,5267
8672,88
8673,99
8674,2703
8675,121
8676,315
8677,230
8678,636
8679,410
8680,256
8681,907
8682,2410
8683,315
8684,1370
8685,8973
8686,1242
8687,718
8688,265
8689,291
8690,568
8691,3810
8692,154
8693,359
8694,5342
8695,678
8696,50
8697,64245
8698,46
8699,917
8700,1059
8701,108
8702,1120
8703,81
8704,162
8705,8462
8706,4427
8707,288
8708,132
8709,1665
8710,976
8711,471
8712,148
8713,9907
8714,50
8715,398
8716,35
8717,1003
8718,1032
8719,1128
8720,842
8721,8037
8722,300
8723,22766
8724,42
8725,1449
8726,2151
8727,5320
8728,744
8729,313
8730,130
8731,205
8732,340
8733,2269
8734,292
8735,1270
8736,2823
8737,33
8738,2219
8739,67
8740,303
8741,866
8742,1662
8743,864
8744,288
8745,146
8746,113
8747,446
8748,4452
8749,274
8750,99
8751,2570
8752,3033
8753,467
8754,976
8755,3558
8756,837
8757,94
8758,9741
8759,8118
8760,11641
8761,1332
8762,992
8763,30
8764,177
8765,1208
8766,447
8767,2790
8768,337
8769,987
8770,1800
8771,237
8772,247
8773,303
8774,18
8775,398
8776,91
8777,145
8778,920
8779,28
8780,34
8781,982
8782,631
8783,299
8784,3827
8785,1910
8786,180
8787,337
8788,7404
8789,651
8790,6470
8791,84
8792,1064
8793,2920
8794,434
8795,8953
8796,1831
8797,3426
8798,292
8799,930
8800,125
8801,707
8802,503
8803,432
8804,732
8805,81
8806,158
8807,5892
8808,1260
8809,46148
8810,148
8811,177
8812,1167
8813,1198
8814,569
8815,604
8816,6066
8817,15
8818,194
8819,223
8820,1196
8821,401
8822,5529
8823,698
8824,1330
8825,947
8826,234
8827,1026
8828,348
8829,702
8830,807
8831,292
8832,15
8833,80
8834,30
8835,1951
8836,1449
8837,2325
8838,100
8839,1369
8840,2229
8841,124
8842,85
8843,10508
8844,187
8845,13
8846,25298
8847,637
8848,349
8849,47
8850,327
8851,13
8852,249
8853,166
8854,294
8855,291
8856,34761
8857,503
8858,9123
8859,5676
8860,334
8861,129
8862,286
8863,696
8864,7380
8865,134
8866,486
8867,13745
8868,104
8869,156
8870,5030
8871,6868
8872,18
8873,343
8874,63
8875,7759
8876,650
8877,268
8878,1669
8879,3485
8880,2273
8881,3498
8882,560
8883,12910
8884,15015
8885,3527
8886,13
8887,1175
8888,150
8889,1373
8890,90
8891,12
8892,2075
8893,116
8894,137
8895,2478
8896,1403
8897,18
8898,18
8899,657
8900,498
8901,154
8902,182
8903,692
8904,677
8905,1128
8906,3362
8907,69
8908,1234
8909,40
8910,575
8911,253
8912,139
8913,294
8914,496
8915,52
8916,214
8917,5578
8918,467
8919,178
8920,63
8921,527
8922,1209
8923,1479
8924,19830
8925,20
8926,5012
8927,1344
8928,424
8929,819
8930,554
8931,23
8932,1654
8933,1956
8934,125
8935,616
8936,1185
8937,112
8938,178
8939,86
8940,9151
8941,2562
8942,66
8943,2009
8944,1256
8945,212
8946,518
8947,705
8948,479
8949,494
8950,891
8951,18
8952,237
8953,90
8954,359
8955,380
8956,873
8957,3100
8958,512
8959,207
8960,2903
8961,4006
8962,344
8963,310
8964,3246
8965,332
8966,297
8967,374
8968,216
8969,1530
8970,273
8971,244
8972,40
8973,4213
8974,3458
8975,9037
8976,407
8977,131
8978,2390
8979,11051
8980,6356
8981,1112
8982,46
8983,8447
8984,27
8985,98
8986,63
8987,1673
8988,112
8989,1872
8990,6334
8991,738
8992,1769
8993,9179
8994,20
8995,201
8996,15
8997,256
8998,988
8999,57
9000,3286
9001,543
9002,2000
9003,36
9004,2032
9005,38
9006,34
9007,356
9008,149
9009,989
9010,1020
9011,26
9012,95
9013,158
9014,160
9015,855
9016,639
9017,491
9018,244
9019,716
9020,746
9021,487
9022,32440
9023,55
9024,1108
9025,62
9026,421
9027,2892
9028,2554
9029,789
9030,488
9031,2578
9032,17
9033,498
9034,586
9035,2119
9036,458
9037,2605
9038,771
9039,163
9040,14438
9041,264
9042,8859
9043,387
9044,1401
9045,1379
9046,33
9047,404
9048,1927
9049,33
9050,2215
9051,18
9052,100
9053,28
9054,314
9055,106
9056,458
9057,17
9058,1679
9059,272
9060,334
9061,36
9062,430
9063,209
9064,1726
9065,2471
9066,366
9067,546
9068,880
9069,289
9070,278
9071,525
9072,250
9073,52
9074,1832
9075,1064
9076,674
9077,80
9078,219
9079,18
9080,2759
9081,437
9082,310
9083,158
9084,327
9085,168
9086,43
9087,2686
9088,4556
9089,38059
9090,812
9091,125
9092,6890
9093,18
9094,2529
9095,136
9096,268
9097,4127
9098,18
9099,236
9100,78
9101,1080
9102,960
9103,189
9104,611
9105,678
9106,2547
9107,2387
9108,1743
9109,151
9110,597
9111,688
9112,2603
9113,316
9114,150
9115,2151
9116,3629
9117,1813
9118,54
9119,380
9120,706
9121,604
9122,63
9123,2093
9124,239
9125,2956
9126,270
9127,571
9128,645
9129,4816
9130,408
9131,290
9132,39
9133,421
9134,4154
9135,19
9136,333
9137,682
9138,40
9139,4483
9140,36
9141,21
9142,1066
9143,15
9144,660
9145,516
9146,406
9147,3030
9148,290
9149,327
9150,20
9151,110
9152,420
9153,135
9154,1181
9155,6490
9156,457
9157,294
9158,192
9159,26
9160,755
9161,3562
9162,111
9163,42
9164,3709
9165,709
9166,2286
9167,63
9168,224
9169,294
9170,2451
9171,271
9172,443
9173,725
9174,241
9175,1399
9176,1382
9177,71
9178,28
9179,1536
9180,7531
9181,664
9182,12165
9183,926
9184,878
9185,1599
9186,2181
9187,2672
9188,9962
9189,934
9190,280
9191,98
9192,3142
9193,203
9194,6356
9195,264
9196,8973
9197,168
9198,104
9199,1128
9200,139
9201,3278
9202,31
9203,32
9204,504
9205,112
9206,109
9207,160
9208,258
9209,4820
9210,20
9211,4041
9212,607
9213,5525
9214,491
9215,1
9216,13215
9217,296
9218,19
9219,1201
9220,647
9221,264
9222,923
9223,150
9224,3407
9225,5678
9226,994
9227,500
9228,331
9229,306
9230,237
9231,996
9232,1085
9233,520
9234,20
9235,372
9236,69
9237,200
9238,297
9239,808
9240,275
9241,3501
9242,163
9243,3011
9244,873
9245,153
9246,1414
9247,878
9248,381
9249,150
9250,144
9251,2441
9252,593
9253,1826
9254,949
9255,25
9256,990
9257,725
9258,268
9259,10
9260,748
9261,487
9262,53
9263,509
9264,118673
9265,4413
9266,741
9267,343
9268,235
9269,5247
9270,108
9271,218
9272,192
9273,160
9274,1616
9275,167
9276,129
9277,3039
9278,396
9279,84
9280,383
9281,1812
9282,616
9283,416
9284,583
9285,293
9286,307
9287,2521
9288,100
9289,123
9290,216
9291,1848
9292,290
9293,580
9294,278
9295,564
9296,331
9297,673
9298,200
9299,103
9300,866
9301,315
9302,323
9303,264
9304,1401
9305,329
9306,2040
9307,100
9308,316
9309,254
9310,11460
9311,1027
9312,61
9313,602
9314,1188
9315,70
9316,27
9317,511
9318,96
9319,812
9320,619
9321,5246
9322,318
9323,235
9324,676
9325,325
9326,210
9327,49
9328,304
9329,1593
9330,319
9331,1692
9332,115
9333,2491
9334,2697
9335,3889
9336,6138
9337,177
9338,4112
9339,8389
9340,867
9341,1374
9342,56
9343,4412
9344,1003
9345,103
9346,74
9347,289
9348,2169
9349,333
9350,16
9351,1475
9352,580
9353,565
9354,118
9355,3054
9356,1752
9357,1328
9358,776
9359,924
9360,166
9361,3871
9362,526
9363,18
9364,639
9365,1424
9366,1874
9367,35
9368,3186
9369,208
9370,68
9371,38
9372,39
9373,80
9374,1223
9375,582
9376,1034
9377,374
9378,378
9379,44
9380,1353
9381,48
9382,276
9383,486
9384,281
9385,432
9386,71
9387,1695
9388,16490
9389,1113
9390,67
9391,859
9392,175
9393,609
9394,709
9395,169
9396,42
9397,2208
9398,793
9399,70
9400,405
9401,6019
9402,265
9403,219
9404,352
9405,300
9406,150
9407,4072
9408,4653
9409,64
9410,282
9411,4645
9412,3877
9413,255
9414,133
9415,1247
9416,39
9417,28
9418,39
9419,207
9420,293
9421,1824
9422,2790
9423,212
9424,259
9425,303
9426,5900
9427,479
9428,1922
9429,532
9430,4008
9431,2570
9432,1888
9433,1960
9434,11038
9435,61
9436,1302
9437,20
9438,2785
9439,1228
9440,331
9441,723
9442,850
9443,671
9444,3570
9445,127
9446,1098
9447,4230
9448,409
9449,1188
9450,171
9451,232
9452,3673
9453,833
9454,13352
9455,66
9456,270
9457,172
9458,25
9459,476
9460,438
9461,147
9462,314
9463,127
9464,57
9465,916
9466,21
9467,464
9468,140
9469,220
9470,30
9471,320
9472,288
9473,234
9474,1320
9475,478
9476,662
9477,1551
9478,967
9479,606
9480,1677
9481,273
9482,424
9483,399
9484,142
9485,708
9486,137
9487,2159
9488,1819
9489,143
9490,3541
9491,5588
9492,735
9493,5438
9494,600
9495,170
9496,85
9497,969
9498,9904
9499,3153
9500,603
9501,882
9502,860
9503,236
9504,695
9505,740
9506,2493
9507,2196
9508,69
9509,3240
9510,900
9511,192
9512,758
9513,80
9514,7455
9515,13835
9516,3341
9517,13
9518,360
9519,162
9520,441
9521,9020
9522,365
9523,65
9524,6024
9525,491
9526,747
9527,250
9528,37
9529,624
9530,126
9531,334
9532,4088
9533,18
9534,336
9535,10682
9536,213
9537,102
9538,456
9539,4583
9540,35
9541,259
9542,45
9543,218
9544,3058
9545,701
9546,1716
9547,60
9548,396
9549,12032
9550,1352
9551,1803
9552,10397
9553,198
9554,223
9555,219
9556,581
9557,111
9558,792
9559,49
9560,2250
9561,39
9562,89
9563,450
9564,1241
9565,582
9566,7706
9567,190
9568,1899
9569,48
9570,62
9571,342
9572,245
9573,5085
9574,702
9575,1165
9576,1879
9577,2894
9578,266
9579,863
9580,255
9581,33887
9582,21
9583,366
9584,1596
9585,108
9586,2824
9587,559
9588,1704
9589,300
9590,113
9591,59
9592,279
9593,48
9594,1397
9595,434
9596,1392
9597,9746
9598,1631
9599,312
9600,256
9601,543
9602,286
9603,432
9604,108
9605,1206
9606,20193
9607,8566
9608,727
9609,5190
9610,417
9611,2447
9612,45
9613,1161
9614,5224
9615,31
9616,227
9617,1388
9618,18
9619,36
9620,1263
9621,2596
9622,71
9623,17270
9624,1897
9625,394
9626,9397
9627,603
9628,816
9629,473
9630,1178
9631,249
9632,5776
9633,8445
9634,5782
9635,50
9636,24
9637,527
9638,124
9639,2663
9640,40
9641,1070
9642,54
9643,40
9644,258
9645,236
9646,299
9647,79
9648,13352
9649,424
9650,104
9651,130
9652,96
9653,3
9654,499
9655,349
9656,49
9657,2159
9658,72
9659,60
9660,58
9661,696
9662,944
9663,1743
9664,2526
9665,86
9666,177
9667,90
9668,6152
9669,20249
9670,9581
9671,384
9672,5085
9673,2476
9674,4803
9675,26
9676,360
9677,154
9678,1238
9679,1565
9680,584
9681,682
9682,2271
9683,3299
9684,6592
9685,210
9686,116
9687,424
9688,2962
9689,155
9690,833
9691,1091
9692,11410
9693,759
9694,355
9695,1293
9696,502
9697,825
9698,658
9699,4147
9700,15418
9701,716
9702,10
9703,3967
9704,1587
9705,4031
9706,3140
9707,1234
9708,30
9709,390
9710,67
9711,12012
9712,2085
9713,1638
9714,913
9715,728
9716,292
9717,13
9718,117
9719,409
9720,12
9721,105
9722,3009
9723,25
9724,35
9725,852
9726,519
9727,376
9728,669
9729,2911
9730,882
9731,2038
9732,37
9733,236
9734,579
9735,59
9736,383
9737,793
9738,2606
9739,78
9740,310
9741,50
9742,1165
9743,148
9744,75
9745,1246
9746,7639
9747,57
9748,400
9749,448
9750,9568
9751,841
9752,185
9753,2118
9754,1997
9755,5138
9756,437
9757,1371
9758,931
9759,33
9760,6
9761,1399
9762,154
9763,387
9764,18
9765,2116
9766,293
9767,40
9768,2025
9769,362
9770,5915
9771,1532
9772,576
9773,349
9774,485
9775,274
9776,1895
9777,110
9778,2575
9779,520
9780,110
9781,10
9782,607
9783,391
9784,550
9785,10719
9786,379
9787,51
9788,385
9789,41
9790,65
9791,3339
9792,2589
9793,4098
9794,298
9795,54279
9796,2274
9797,2548
9798,2288
9799,2094
9800,119658
9801,2049
9802,10
9803,1008
9804,3100
9805,294
9806,1968
9807,444
9808,611
9809,4118
9810,308
9811,12
9812,320
9813,165
9814,7202
9815,2831
9816,7779
9817,170
9818,822
9819,135
9820,2164
9821,5414
9822,275
9823,99
9824,2433
9825,18
9826,200
9827,210
9828,121
9829,41381
9830,383
9831,3499
9832,276
9833,10
9834,17
9835,40
9836,9730
9837,160
9838,1294
9839,270
9840,326
9841,106
9842,306
9843,608
9844,464
9845,50
9846,4913
9847,2604
9848,827
9849,557
9850,296
9851,1784
9852,80
9853,70
9854,62
9855,714
9856,735
9857,975
9858,240
9859,185
9860,10800
9861,96
9862,1780
9863,718
9864,2659
9865,1295
9866,1575
9867,703
9868,622
9869,95
9870,90
9871,135
9872,2312
9873,198
9874,670
9875,2492
9876,274
9877,499
9878,2251
9879,50
9880,102
9881,19129
9882,192
9883,3757
9884,6060
9885,167
9886,79
9887,52
9888,41
9889,207
9890,1245
9891,190
9892,3966
9893,697
9894,72
9895,2339
9896,5100
9897,51
9898,977
9899,207
9900,695
9901,58
9902,951
9903,214
9904,556
9905,437
9906,140
9907,2013
9908,381
9909,978
9910,474
9911,11496
9912,498
9913,207
9914,317
9915,1923
9916,315
9917,2206
9918,522
9919,735
9920,2049
9921,636
9922,1069
9923,21100
9924,502
9925,723
9926,128
9927,296
9928,71
9929,438
9930,94
9931,67
9932,17817
9933,329
9934,333
9935,81
9936,7739
9937,130
9938,1029
9939,241
9940,1244
9941,102
9942,671
9943,6421
9944,40
9945,1826
9946,1867
9947,396
9948,10139
9949,176
9950,355
9951,275
9952,623
9953,502
9954,1145
9955,1002
9956,1710
9957,5183
9958,1579
9959,1148
9960,18
9961,104
9962,10893
9963,161
9964,256
9965,571
9966,71
9967,674
9968,220
9969,1034
9970,22
9971,91
9972,1722
9973,917
9974,5476
9975,18
9976,453
9977,166
9978,473
9979,230
9980,1057
9981,54
9982,1341
9983,583
9984,647
9985,261
9986,140
9987,266
9988,33
9989,90
9990,1776
9991,70
9992,1587
9993,289
9994,153
9995,12146
9996,102
9997,5096
9998,883
9999,256
10000,6
